[0.000000] (-) TimerEvent: {}
[0.000587] (-) JobUnselected: {'identifier': 'librealsense2'}
[0.000610] (-) JobUnselected: {'identifier': 'phy_interface'}
[0.000618] (pick_place_interfaces) JobQueued: {'identifier': 'pick_place_interfaces', 'dependencies': OrderedDict()}
[0.000625] (pick_place_orchestration) JobQueued: {'identifier': 'pick_place_orchestration', 'dependencies': OrderedDict([('pick_place_interfaces', '/home/robot/jm_ws/install/pick_place_interfaces')])}
[0.000632] (pick_place_interfaces) JobStarted: {'identifier': 'pick_place_interfaces'}
[0.006059] (pick_place_interfaces) JobProgress: {'identifier': 'pick_place_interfaces', 'progress': 'cmake'}
[0.006855] (pick_place_interfaces) Command: {'cmd': ['/usr/bin/cmake', '/home/robot/jm_ws/src/pick_place_interfaces', '-DCMAKE_INSTALL_PREFIX=/home/robot/jm_ws/install/pick_place_interfaces'], 'cwd': '/home/robot/jm_ws/build/pick_place_interfaces', 'env': OrderedDict([('GZ_SIM_SYSTEM_PLUGIN_PATH', '/home/robot/ros2_ws/install/dsr_description2/lib'), ('RCUTILS_LOGGING_BUFFERED_STREAM', '1'), ('PYTHON_BASIC_REPL', '1'), ('LESSOPEN', '| /usr/bin/lesspipe %s'), ('TMUX', '/tmp/tmux-1000/default,124773,4'), ('GZ_SIM_RESOURCE_PATH', '/home/robot/ros2_ws/install/dsr_description2/share/:/home/robot/ros2_ws/install/dsr_description2/share/dsr_description2/'), ('LANGUAGE', 'ko:en'), ('USER', 'robot'), ('SSH_CLIENT', '192.168.50.242 62032 22'), ('CLAUDE_CODE_ENTRYPOINT', 'cli'), ('LC_TIME', 'ko_KR.UTF-8'), ('GIT_EDITOR', 'true'), ('XDG_SESSION_TYPE', 'tty'), ('GIT_ASKPASS', '/home/robot/.vscode-server/cli/servers/Stable-2901c5ac6db8a986a5666c3af51ff804d05af0d4/server/extensions/git/dist/askpass.sh'), ('SHLVL', '4'), ('RCUTILS_CONSOLE_OUTPUT_FORMAT', '[{severity}]: {message}'), ('LD_LIBRARY_PATH', '/usr/local/cuda-13.0/lib64:/usr/local/cuda-13.0/lib64:/usr/local/cuda-13.0/lib64:/home/robot/ros2_ws/install/dsr_controller2/lib:/home/robot/ros2_ws/install/dsr_msgs2/lib:/home/robot/ros2_ws/install/dsr_hardware2/lib:/usr/lib/x86_64-linux-gnu/gazebo-11/plugins:/opt/ros/humble/opt/rviz_ogre_vendor/lib:/opt/ros/humble/lib/x86_64-linux-gnu:/opt/ros/humble/lib'), ('BROWSER', '/home/robot/.vscode-server/cli/servers/Stable-2901c5ac6db8a986a5666c3af51ff804d05af0d4/server/bin/helpers/browser.sh'), ('MOTD_SHOWN', 'pam'), ('HOME', '/home/robot'), ('CONDA_SHLVL', '0'), ('OLDPWD', '/home/robot/.vscode-server'), ('TERM_PROGRAM_VERSION', '3.2a'), ('VSCODE_IPC_HOOK_CLI', '/run/user/1000/vscode-ipc-9e47b473-f0ff-4ba9-a239-99fdb1a025b3.sock'), ('ROS_PYTHON_VERSION', '3'), ('VSCODE_GIT_ASKPASS_MAIN', '/home/robot/.vscode-server/cli/servers/Stable-2901c5ac6db8a986a5666c3af51ff804d05af0d4/server/extensions/git/dist/askpass-main.js'), ('LC_MONETARY', 'ko_KR.UTF-8'), ('VSCODE_GIT_ASKPASS_NODE', '/home/robot/.vscode-server/cli/servers/Stable-2901c5ac6db8a986a5666c3af51ff804d05af0d4/server/node'), ('SSL_CERT_FILE', '/usr/lib/ssl/certs/ca-certificates.crt'), ('PYDEVD_DISABLE_FILE_VALIDATION', '1'), ('BUNDLED_DEBUGPY_PATH', '/home/robot/.vscode-server/extensions/ms-python.debugpy-2025.18.0-linux-x64/bundled/libs/debugpy'), ('DBUS_SESSION_BUS_ADDRESS', 'unix:path=/run/user/1000/bus'), ('COLORTERM', 'truecolor'), ('_CE_M', ''), ('_CONDA_ROOT', '/home/robot/miniconda3'), ('_colcon_cd_root', '/home/robot/ros2_ws'), ('COLCON_PREFIX_PATH', '/home/robot/ros2_ws/install'), ('ROS_DISTRO', 'humble'), ('LOGNAME', 'robot'), ('_', '/usr/bin/colcon'), ('ROS_VERSION', '2'), ('CLAUDE_CODE_SSE_PORT', '39158'), ('XDG_SESSION_CLASS', 'user'), ('TERM', 'screen'), ('XDG_SESSION_ID', '11'), ('OTEL_EXPORTER_OTLP_METRICS_TEMPORALITY_PREFERENCE', 'delta'), ('GAZEBO_MODEL_PATH', '/home/robot/ros2_ws/install/dsr_description2/share:/home/robot/ros2_ws/install/dsr_description2/share/dsr_description2/'), ('_CE_CONDA', ''), ('ROS_LOCALHOST_ONLY', '0'), ('PATH', '/home/robot/.local/bin:/home/robot/.local/bin:/usr/local/cuda-13.0/bin:/home/robot/.local/bin:/usr/local/cuda-13.0/bin:/home/robot/.vscode-server/data/User/globalStorage/github.copilot-chat/debugCommand:/home/robot/.vscode-server/data/User/globalStorage/github.copilot-chat/copilotCli:/home/robot/.vscode-server/cli/servers/Stable-ce099c1ed25d9eb3076c11e4a280f3eb52b4fbeb/server/bin/remote-cli:/home/robot/miniconda3/condabin:/usr/local/cuda-13.0/bin:/opt/ros/humble/bin:/usr/local/sbin:/usr/local/bin:/usr/sbin:/usr/bin:/sbin:/bin:/usr/games:/usr/local/games:/snap/bin'), ('PAPERSIZE', 'a4'), ('COREPACK_ENABLE_AUTO_PIN', '0'), ('LC_ADDRESS', 'ko_KR.UTF-8'), ('XDG_RUNTIME_DIR', '/run/user/1000'), ('SSL_CERT_DIR', '/usr/lib/ssl/certs'), ('VSCODE_DEBUGPY_ADAPTER_ENDPOINTS', '/home/robot/.vscode-server/extensions/ms-python.debugpy-2025.18.0-linux-x64/.noConfigDebugAdapterEndpoints/endpoint-6c2ce8b463b37305.txt'), ('NoDefaultCurrentDirectoryInExePath', '1'), ('LANG', 'ko_KR.UTF-8'), ('PYTHONSTARTUP', '/home/robot/.vscode-server/data/User/workspaceStorage/06acb0dd213da8b7616ee3ed038f2dde-1/ms-python.python/pythonrc.py'), ('LC_TELEPHONE', 'ko_KR.UTF-8'), ('RMW_IMPLEMENTATION', 'rmw_fastrtps_cpp'), ('LS_COLORS', 'rs=0:di=01;34:ln=01;36:mh=00:pi=40;33:so=01;35:do=01;35:bd=40;33;01:cd=40;33;01:or=40;31;01:mi=00:su=37;41:sg=30;43:ca=30;41:tw=30;42:ow=34;42:st=37;44:ex=01;32:*.tar=01;31:*.tgz=01;31:*.arc=01;31:*.arj=01;31:*.taz=01;31:*.lha=01;31:*.lz4=01;31:*.lzh=01;31:*.lzma=01;31:*.tlz=01;31:*.txz=01;31:*.tzo=01;31:*.t7z=01;31:*.zip=01;31:*.z=01;31:*.dz=01;31:*.gz=01;31:*.lrz=01;31:*.lz=01;31:*.lzo=01;31:*.xz=01;31:*.zst=01;31:*.tzst=01;31:*.bz2=01;31:*.bz=01;31:*.tbz=01;31:*.tbz2=01;31:*.tz=01;31:*.deb=01;31:*.rpm=01;31:*.jar=01;31:*.war=01;31:*.ear=01;31:*.sar=01;31:*.rar=01;31:*.alz=01;31:*.ace=01;31:*.zoo=01;31:*.cpio=01;31:*.7z=01;31:*.rz=01;31:*.cab=01;31:*.wim=01;31:*.swm=01;31:*.dwm=01;31:*.esd=01;31:*.jpg=01;35:*.jpeg=01;35:*.mjpg=01;35:*.mjpeg=01;35:*.gif=01;35:*.bmp=01;35:*.pbm=01;35:*.pgm=01;35:*.ppm=01;35:*.tga=01;35:*.xbm=01;35:*.xpm=01;35:*.tif=01;35:*.tiff=01;35:*.png=01;35:*.svg=01;35:*.svgz=01;35:*.mng=01;35:*.pcx=01;35:*.mov=01;35:*.mpg=01;35:*.mpeg=01;35:*.m2v=01;35:*.mkv=01;35:*.webm=01;35:*.webp=01;35:*.ogm=01;35:*.mp4=01;35:*.m4v=01;35:*.mp4v=01;35:*.vob=01;35:*.qt=01;35:*.nuv=01;35:*.wmv=01;35:*.asf=01;35:*.rm=01;35:*.rmvb=01;35:*.flc=01;35:*.avi=01;35:*.fli=01;35:*.flv=01;35:*.gl=01;35:*.dl=01;35:*.xcf=01;35:*.xwd=01;35:*.yuv=01;35:*.cgm=01;35:*.emf=01;35:*.ogv=01;35:*.ogx=01;35:*.aac=00;36:*.au=00;36:*.flac=00;36:*.m4a=00;36:*.mid=00;36:*.midi=00;36:*.mka=00;36:*.mp3=00;36:*.mpc=00;36:*.ogg=00;36:*.ra=00;36:*.wav=00;36:*.oga=00;36:*.opus=00;36:*.spx=00;36:*.xspf=00;36:'), ('VSCODE_GIT_IPC_HANDLE', '/run/user/1000/vscode-git-6c04bed6ce.sock'), ('TERM_PROGRAM', 'tmux'), ('ROS_DOMAIN_ID', '127'), ('AMENT_PREFIX_PATH', '/home/robot/ros2_ws/install/dsr_visualservoing:/home/robot/ros2_ws/install/dsr_tests:/home/robot/ros2_ws/install/dsr_realtime_control:/home/robot/ros2_ws/install/dsr_mujoco:/home/robot/ros2_ws/install/dsr_controller2:/home/robot/ros2_ws/install/dsr_bringup2:/home/robot/ros2_ws/install/dsr_msgs2:/home/robot/ros2_ws/install/dsr_moveit_config_p3020:/home/robot/ros2_ws/install/dsr_moveit_config_m1509:/home/robot/ros2_ws/install/dsr_moveit_config_m1013:/home/robot/ros2_ws/install/dsr_moveit_config_m0617:/home/robot/ros2_ws/install/dsr_moveit_config_m0609:/home/robot/ros2_ws/install/dsr_moveit_config_h2515:/home/robot/ros2_ws/install/dsr_moveit_config_h2017:/home/robot/ros2_ws/install/dsr_moveit_config_e0509:/home/robot/ros2_ws/install/dsr_moveit_config_a0912:/home/robot/ros2_ws/install/dsr_moveit_config_a0509:/home/robot/ros2_ws/install/dsr_hardware2:/home/robot/ros2_ws/install/dsr_gazebo2:/home/robot/ros2_ws/install/dsr_example:/home/robot/ros2_ws/install/dsr_description2:/home/robot/ros2_ws/install/dsr_common2:/opt/ros/humble'), ('CONDA_PYTHON_EXE', '/home/robot/miniconda3/bin/python'), ('SHELL', '/bin/bash'), ('IGN_GAZEBO_SYSTEM_PLUGIN_PATH', '/home/robot/ros2_ws/install/dsr_description2/lib'), ('LC_NAME', 'ko_KR.UTF-8'), ('LESSCLOSE', '/usr/bin/lesspipe %s %s'), ('IGN_GAZEBO_RESOURCE_PATH', '/home/robot/ros2_ws/install/dsr_description2/share/:/home/robot/ros2_ws/install/dsr_description2/share/dsr_description2/'), ('CLAUDECODE', '1'), ('LC_MEASUREMENT', 'ko_KR.UTF-8'), ('_CONDA_EXE', '/home/robot/miniconda3/bin/conda'), ('LC_IDENTIFICATION', 'ko_KR.UTF-8'), ('VSCODE_GIT_ASKPASS_EXTRA_ARGS', ''), ('RCUTILS_LOGGING_USE_STDOUT', '0'), ('PWD', '/home/robot/jm_ws/build/pick_place_interfaces'), ('LC_ALL', 'en_US.UTF-8'), ('CONDA_EXE', '/home/robot/miniconda3/bin/conda'), ('SSH_CONNECTION', '192.168.50.172 65168 192.168.50.125 22'), ('RCUTILS_COLORIZED_OUTPUT', '1'), ('XDG_DATA_DIRS', '/usr/share/gnome:/usr/local/share:/usr/share:/var/lib/snapd/desktop'), ('PYTHONPATH', '/home/robot/ros2_ws/build/dsr_visualservoing:/home/robot/ros2_ws/install/dsr_visualservoing/lib/python3.10/site-packages:/home/robot/ros2_ws/build/dsr_tests:/home/robot/ros2_ws/install/dsr_tests/lib/python3.10/site-packages:/home/robot/ros2_ws/install/dsr_mujoco/local/lib/python3.10/dist-packages:/home/robot/ros2_ws/build/dsr_bringup2:/home/robot/ros2_ws/install/dsr_bringup2/lib/python3.10/site-packages:/home/robot/ros2_ws/install/dsr_msgs2/local/lib/python3.10/dist-packages:/home/robot/ros2_ws/build/dsr_example:/home/robot/ros2_ws/install/dsr_example/lib/python3.10/site-packages:/home/robot/ros2_ws/install/dsr_common2/lib/python3.10/site-packages:/opt/ros/humble/lib/python3.10/site-packages:/opt/ros/humble/local/lib/python3.10/dist-packages'), ('LC_NUMERIC', 'ko_KR.UTF-8'), ('LC_PAPER', 'ko_KR.UTF-8'), ('COLCON', '1'), ('TMUX_PANE', '%4'), ('CMAKE_PREFIX_PATH', '/home/robot/ros2_ws/install/dsr_realtime_control:/home/robot/ros2_ws/install/dsr_mujoco:/home/robot/ros2_ws/install/dsr_controller2:/home/robot/ros2_ws/install/dsr_msgs2:/home/robot/ros2_ws/install/dsr_moveit_config_p3020:/home/robot/ros2_ws/install/dsr_moveit_config_m1509:/home/robot/ros2_ws/install/dsr_moveit_config_m1013:/home/robot/ros2_ws/install/dsr_moveit_config_m0617:/home/robot/ros2_ws/install/dsr_moveit_config_m0609:/home/robot/ros2_ws/install/dsr_moveit_config_h2515:/home/robot/ros2_ws/install/dsr_moveit_config_h2017:/home/robot/ros2_ws/install/dsr_moveit_config_e0509:/home/robot/ros2_ws/install/dsr_moveit_config_a0912:/home/robot/ros2_ws/install/dsr_moveit_config_a0509:/home/robot/ros2_ws/install/dsr_hardware2:/home/robot/ros2_ws/install/dsr_gazebo2:/home/robot/ros2_ws/install/dsr_description2:/home/robot/ros2_ws/install/dsr_common2:/home/robot/ros2_ws/install/dsr_visualservoing:/home/robot/ros2_ws/install/dsr_tests:/home/robot/ros2_ws/install/dsr_bringup2:/home/robot/ros2_ws/install/dsr_example:/opt/ros/humble')]), 'shell': False}
[0.039118] (pick_place_interfaces) StdoutLine: {'line': b'-- The C compiler identification is GNU 11.4.0\n'}
[0.068030] (pick_place_interfaces) StdoutLine: {'line': b'-- The CXX compiler identification is GNU 11.4.0\n'}
[0.072706] (pick_place_interfaces) StdoutLine: {'line': b'-- Detecting C compiler ABI info\n'}
[0.100032] (-) TimerEvent: {}
[0.108733] (pick_place_interfaces) StdoutLine: {'line': b'-- Detecting C compiler ABI info - done\n'}
[0.111663] (pick_place_interfaces) StdoutLine: {'line': b'-- Check for working C compiler: /usr/bin/cc - skipped\n'}
[0.111767] (pick_place_interfaces) StdoutLine: {'line': b'-- Detecting C compile features\n'}
[0.112068] (pick_place_interfaces) StdoutLine: {'line': b'-- Detecting C compile features - done\n'}
[0.113819] (pick_place_interfaces) StdoutLine: {'line': b'-- Detecting CXX compiler ABI info\n'}
[0.160474] (pick_place_interfaces) StdoutLine: {'line': b'-- Detecting CXX compiler ABI info - done\n'}
[0.164472] (pick_place_interfaces) StdoutLine: {'line': b'-- Check for working CXX compiler: /usr/bin/c++ - skipped\n'}
[0.164532] (pick_place_interfaces) StdoutLine: {'line': b'-- Detecting CXX compile features\n'}
[0.164557] (pick_place_interfaces) StdoutLine: {'line': b'-- Detecting CXX compile features - done\n'}
[0.166279] (pick_place_interfaces) StdoutLine: {'line': b'-- Found ament_cmake: 1.3.12 (/opt/ros/humble/share/ament_cmake/cmake)\n'}
[0.200131] (-) TimerEvent: {}
[0.245853] (pick_place_interfaces) StdoutLine: {'line': b'-- Found Python3: /usr/bin/python3 (found version "3.10.12") found components: Interpreter \n'}
[0.300218] (-) TimerEvent: {}
[0.304544] (pick_place_interfaces) StdoutLine: {'line': b'-- Found rosidl_default_generators: 1.2.0 (/opt/ros/humble/share/rosidl_default_generators/cmake)\n'}
[0.307447] (pick_place_interfaces) StdoutLine: {'line': b'-- Using all available rosidl_typesupport_c: rosidl_typesupport_fastrtps_c;rosidl_typesupport_introspection_c\n'}
[0.312526] (pick_place_interfaces) StdoutLine: {'line': b'-- Found rosidl_adapter: 3.1.7 (/opt/ros/humble/share/rosidl_adapter/cmake)\n'}
[0.339089] (pick_place_interfaces) StdoutLine: {'line': b'-- Using all available rosidl_typesupport_cpp: rosidl_typesupport_fastrtps_cpp;rosidl_typesupport_introspection_cpp\n'}
[0.400296] (-) TimerEvent: {}
[0.499614] (pick_place_interfaces) StdoutLine: {'line': b'-- Found ament_cmake_ros: 0.10.0 (/opt/ros/humble/share/ament_cmake_ros/cmake)\n'}
[0.500349] (-) TimerEvent: {}
[0.600455] (-) TimerEvent: {}
[0.601770] (pick_place_interfaces) StdoutLine: {'line': b'-- Using all available rosidl_typesupport_c: rosidl_typesupport_fastrtps_c;rosidl_typesupport_introspection_c\n'}
[0.700537] (-) TimerEvent: {}
[0.723418] (pick_place_interfaces) StdoutLine: {'line': b'-- Using all available rosidl_typesupport_cpp: rosidl_typesupport_fastrtps_cpp;rosidl_typesupport_introspection_cpp\n'}
[0.735849] (pick_place_interfaces) StdoutLine: {'line': b'-- Found PythonInterp: /usr/bin/python3 (found suitable version "3.10.12", minimum required is "3.6") \n'}
[0.737398] (pick_place_interfaces) StdoutLine: {'line': b'-- Found python_cmake_module: 0.10.0 (/opt/ros/humble/share/python_cmake_module/cmake)\n'}
[0.753145] (pick_place_interfaces) StdoutLine: {'line': b'-- Found PythonLibs: /usr/lib/x86_64-linux-gnu/libpython3.10.so (found suitable version "3.10.12", minimum required is "3.5") \n'}
[0.753288] (pick_place_interfaces) StdoutLine: {'line': b'-- Using PYTHON_EXECUTABLE: /usr/bin/python3\n'}
[0.753319] (pick_place_interfaces) StdoutLine: {'line': b'-- Using PYTHON_INCLUDE_DIRS: /usr/include/python3.10\n'}
[0.753340] (pick_place_interfaces) StdoutLine: {'line': b'-- Using PYTHON_LIBRARIES: /usr/lib/x86_64-linux-gnu/libpython3.10.so\n'}
[0.763524] (pick_place_interfaces) StdoutLine: {'line': b'-- Found PythonExtra: .so  \n'}
[0.793509] (pick_place_interfaces) StdoutLine: {'line': b'-- Configuring done\n'}
[0.800595] (-) TimerEvent: {}
[0.807802] (pick_place_interfaces) StdoutLine: {'line': b'-- Generating done\n'}
[0.811901] (pick_place_interfaces) StdoutLine: {'line': b'-- Build files have been written to: /home/robot/jm_ws/build/pick_place_interfaces\n'}
[0.816928] (pick_place_interfaces) CommandEnded: {'returncode': 0}
[0.817225] (pick_place_interfaces) JobProgress: {'identifier': 'pick_place_interfaces', 'progress': 'build'}
[0.817521] (pick_place_interfaces) Command: {'cmd': ['/usr/bin/cmake', '--build', '/home/robot/jm_ws/build/pick_place_interfaces', '--', '-j24', '-l24'], 'cwd': '/home/robot/jm_ws/build/pick_place_interfaces', 'env': OrderedDict([('GZ_SIM_SYSTEM_PLUGIN_PATH', '/home/robot/ros2_ws/install/dsr_description2/lib'), ('RCUTILS_LOGGING_BUFFERED_STREAM', '1'), ('PYTHON_BASIC_REPL', '1'), ('LESSOPEN', '| /usr/bin/lesspipe %s'), ('TMUX', '/tmp/tmux-1000/default,124773,4'), ('GZ_SIM_RESOURCE_PATH', '/home/robot/ros2_ws/install/dsr_description2/share/:/home/robot/ros2_ws/install/dsr_description2/share/dsr_description2/'), ('LANGUAGE', 'ko:en'), ('USER', 'robot'), ('SSH_CLIENT', '192.168.50.242 62032 22'), ('CLAUDE_CODE_ENTRYPOINT', 'cli'), ('LC_TIME', 'ko_KR.UTF-8'), ('GIT_EDITOR', 'true'), ('XDG_SESSION_TYPE', 'tty'), ('GIT_ASKPASS', '/home/robot/.vscode-server/cli/servers/Stable-2901c5ac6db8a986a5666c3af51ff804d05af0d4/server/extensions/git/dist/askpass.sh'), ('SHLVL', '4'), ('RCUTILS_CONSOLE_OUTPUT_FORMAT', '[{severity}]: {message}'), ('LD_LIBRARY_PATH', '/usr/local/cuda-13.0/lib64:/usr/local/cuda-13.0/lib64:/usr/local/cuda-13.0/lib64:/home/robot/ros2_ws/install/dsr_controller2/lib:/home/robot/ros2_ws/install/dsr_msgs2/lib:/home/robot/ros2_ws/install/dsr_hardware2/lib:/usr/lib/x86_64-linux-gnu/gazebo-11/plugins:/opt/ros/humble/opt/rviz_ogre_vendor/lib:/opt/ros/humble/lib/x86_64-linux-gnu:/opt/ros/humble/lib'), ('BROWSER', '/home/robot/.vscode-server/cli/servers/Stable-2901c5ac6db8a986a5666c3af51ff804d05af0d4/server/bin/helpers/browser.sh'), ('MOTD_SHOWN', 'pam'), ('HOME', '/home/robot'), ('CONDA_SHLVL', '0'), ('OLDPWD', '/home/robot/.vscode-server'), ('TERM_PROGRAM_VERSION', '3.2a'), ('VSCODE_IPC_HOOK_CLI', '/run/user/1000/vscode-ipc-9e47b473-f0ff-4ba9-a239-99fdb1a025b3.sock'), ('ROS_PYTHON_VERSION', '3'), ('VSCODE_GIT_ASKPASS_MAIN', '/home/robot/.vscode-server/cli/servers/Stable-2901c5ac6db8a986a5666c3af51ff804d05af0d4/server/extensions/git/dist/askpass-main.js'), ('LC_MONETARY', 'ko_KR.UTF-8'), ('VSCODE_GIT_ASKPASS_NODE', '/home/robot/.vscode-server/cli/servers/Stable-2901c5ac6db8a986a5666c3af51ff804d05af0d4/server/node'), ('SSL_CERT_FILE', '/usr/lib/ssl/certs/ca-certificates.crt'), ('PYDEVD_DISABLE_FILE_VALIDATION', '1'), ('BUNDLED_DEBUGPY_PATH', '/home/robot/.vscode-server/extensions/ms-python.debugpy-2025.18.0-linux-x64/bundled/libs/debugpy'), ('DBUS_SESSION_BUS_ADDRESS', 'unix:path=/run/user/1000/bus'), ('COLORTERM', 'truecolor'), ('_CE_M', ''), ('_CONDA_ROOT', '/home/robot/miniconda3'), ('_colcon_cd_root', '/home/robot/ros2_ws'), ('COLCON_PREFIX_PATH', '/home/robot/ros2_ws/install'), ('ROS_DISTRO', 'humble'), ('LOGNAME', 'robot'), ('_', '/usr/bin/colcon'), ('ROS_VERSION', '2'), ('CLAUDE_CODE_SSE_PORT', '39158'), ('XDG_SESSION_CLASS', 'user'), ('TERM', 'screen'), ('XDG_SESSION_ID', '11'), ('OTEL_EXPORTER_OTLP_METRICS_TEMPORALITY_PREFERENCE', 'delta'), ('GAZEBO_MODEL_PATH', '/home/robot/ros2_ws/install/dsr_description2/share:/home/robot/ros2_ws/install/dsr_description2/share/dsr_description2/'), ('_CE_CONDA', ''), ('ROS_LOCALHOST_ONLY', '0'), ('PATH', '/home/robot/.local/bin:/home/robot/.local/bin:/usr/local/cuda-13.0/bin:/home/robot/.local/bin:/usr/local/cuda-13.0/bin:/home/robot/.vscode-server/data/User/globalStorage/github.copilot-chat/debugCommand:/home/robot/.vscode-server/data/User/globalStorage/github.copilot-chat/copilotCli:/home/robot/.vscode-server/cli/servers/Stable-ce099c1ed25d9eb3076c11e4a280f3eb52b4fbeb/server/bin/remote-cli:/home/robot/miniconda3/condabin:/usr/local/cuda-13.0/bin:/opt/ros/humble/bin:/usr/local/sbin:/usr/local/bin:/usr/sbin:/usr/bin:/sbin:/bin:/usr/games:/usr/local/games:/snap/bin'), ('PAPERSIZE', 'a4'), ('COREPACK_ENABLE_AUTO_PIN', '0'), ('LC_ADDRESS', 'ko_KR.UTF-8'), ('XDG_RUNTIME_DIR', '/run/user/1000'), ('SSL_CERT_DIR', '/usr/lib/ssl/certs'), ('VSCODE_DEBUGPY_ADAPTER_ENDPOINTS', '/home/robot/.vscode-server/extensions/ms-python.debugpy-2025.18.0-linux-x64/.noConfigDebugAdapterEndpoints/endpoint-6c2ce8b463b37305.txt'), ('NoDefaultCurrentDirectoryInExePath', '1'), ('LANG', 'ko_KR.UTF-8'), ('PYTHONSTARTUP', '/home/robot/.vscode-server/data/User/workspaceStorage/06acb0dd213da8b7616ee3ed038f2dde-1/ms-python.python/pythonrc.py'), ('LC_TELEPHONE', 'ko_KR.UTF-8'), ('RMW_IMPLEMENTATION', 'rmw_fastrtps_cpp'), ('LS_COLORS', 'rs=0:di=01;34:ln=01;36:mh=00:pi=40;33:so=01;35:do=01;35:bd=40;33;01:cd=40;33;01:or=40;31;01:mi=00:su=37;41:sg=30;43:ca=30;41:tw=30;42:ow=34;42:st=37;44:ex=01;32:*.tar=01;31:*.tgz=01;31:*.arc=01;31:*.arj=01;31:*.taz=01;31:*.lha=01;31:*.lz4=01;31:*.lzh=01;31:*.lzma=01;31:*.tlz=01;31:*.txz=01;31:*.tzo=01;31:*.t7z=01;31:*.zip=01;31:*.z=01;31:*.dz=01;31:*.gz=01;31:*.lrz=01;31:*.lz=01;31:*.lzo=01;31:*.xz=01;31:*.zst=01;31:*.tzst=01;31:*.bz2=01;31:*.bz=01;31:*.tbz=01;31:*.tbz2=01;31:*.tz=01;31:*.deb=01;31:*.rpm=01;31:*.jar=01;31:*.war=01;31:*.ear=01;31:*.sar=01;31:*.rar=01;31:*.alz=01;31:*.ace=01;31:*.zoo=01;31:*.cpio=01;31:*.7z=01;31:*.rz=01;31:*.cab=01;31:*.wim=01;31:*.swm=01;31:*.dwm=01;31:*.esd=01;31:*.jpg=01;35:*.jpeg=01;35:*.mjpg=01;35:*.mjpeg=01;35:*.gif=01;35:*.bmp=01;35:*.pbm=01;35:*.pgm=01;35:*.ppm=01;35:*.tga=01;35:*.xbm=01;35:*.xpm=01;35:*.tif=01;35:*.tiff=01;35:*.png=01;35:*.svg=01;35:*.svgz=01;35:*.mng=01;35:*.pcx=01;35:*.mov=01;35:*.mpg=01;35:*.mpeg=01;35:*.m2v=01;35:*.mkv=01;35:*.webm=01;35:*.webp=01;35:*.ogm=01;35:*.mp4=01;35:*.m4v=01;35:*.mp4v=01;35:*.vob=01;35:*.qt=01;35:*.nuv=01;35:*.wmv=01;35:*.asf=01;35:*.rm=01;35:*.rmvb=01;35:*.flc=01;35:*.avi=01;35:*.fli=01;35:*.flv=01;35:*.gl=01;35:*.dl=01;35:*.xcf=01;35:*.xwd=01;35:*.yuv=01;35:*.cgm=01;35:*.emf=01;35:*.ogv=01;35:*.ogx=01;35:*.aac=00;36:*.au=00;36:*.flac=00;36:*.m4a=00;36:*.mid=00;36:*.midi=00;36:*.mka=00;36:*.mp3=00;36:*.mpc=00;36:*.ogg=00;36:*.ra=00;36:*.wav=00;36:*.oga=00;36:*.opus=00;36:*.spx=00;36:*.xspf=00;36:'), ('VSCODE_GIT_IPC_HANDLE', '/run/user/1000/vscode-git-6c04bed6ce.sock'), ('TERM_PROGRAM', 'tmux'), ('ROS_DOMAIN_ID', '127'), ('AMENT_PREFIX_PATH', '/home/robot/ros2_ws/install/dsr_visualservoing:/home/robot/ros2_ws/install/dsr_tests:/home/robot/ros2_ws/install/dsr_realtime_control:/home/robot/ros2_ws/install/dsr_mujoco:/home/robot/ros2_ws/install/dsr_controller2:/home/robot/ros2_ws/install/dsr_bringup2:/home/robot/ros2_ws/install/dsr_msgs2:/home/robot/ros2_ws/install/dsr_moveit_config_p3020:/home/robot/ros2_ws/install/dsr_moveit_config_m1509:/home/robot/ros2_ws/install/dsr_moveit_config_m1013:/home/robot/ros2_ws/install/dsr_moveit_config_m0617:/home/robot/ros2_ws/install/dsr_moveit_config_m0609:/home/robot/ros2_ws/install/dsr_moveit_config_h2515:/home/robot/ros2_ws/install/dsr_moveit_config_h2017:/home/robot/ros2_ws/install/dsr_moveit_config_e0509:/home/robot/ros2_ws/install/dsr_moveit_config_a0912:/home/robot/ros2_ws/install/dsr_moveit_config_a0509:/home/robot/ros2_ws/install/dsr_hardware2:/home/robot/ros2_ws/install/dsr_gazebo2:/home/robot/ros2_ws/install/dsr_example:/home/robot/ros2_ws/install/dsr_description2:/home/robot/ros2_ws/install/dsr_common2:/opt/ros/humble'), ('CONDA_PYTHON_EXE', '/home/robot/miniconda3/bin/python'), ('SHELL', '/bin/bash'), ('IGN_GAZEBO_SYSTEM_PLUGIN_PATH', '/home/robot/ros2_ws/install/dsr_description2/lib'), ('LC_NAME', 'ko_KR.UTF-8'), ('LESSCLOSE', '/usr/bin/lesspipe %s %s'), ('IGN_GAZEBO_RESOURCE_PATH', '/home/robot/ros2_ws/install/dsr_description2/share/:/home/robot/ros2_ws/install/dsr_description2/share/dsr_description2/'), ('CLAUDECODE', '1'), ('LC_MEASUREMENT', 'ko_KR.UTF-8'), ('_CONDA_EXE', '/home/robot/miniconda3/bin/conda'), ('LC_IDENTIFICATION', 'ko_KR.UTF-8'), ('VSCODE_GIT_ASKPASS_EXTRA_ARGS', ''), ('RCUTILS_LOGGING_USE_STDOUT', '0'), ('PWD', '/home/robot/jm_ws/build/pick_place_interfaces'), ('LC_ALL', 'en_US.UTF-8'), ('CONDA_EXE', '/home/robot/miniconda3/bin/conda'), ('SSH_CONNECTION', '192.168.50.172 65168 192.168.50.125 22'), ('RCUTILS_COLORIZED_OUTPUT', '1'), ('XDG_DATA_DIRS', '/usr/share/gnome:/usr/local/share:/usr/share:/var/lib/snapd/desktop'), ('PYTHONPATH', '/home/robot/ros2_ws/build/dsr_visualservoing:/home/robot/ros2_ws/install/dsr_visualservoing/lib/python3.10/site-packages:/home/robot/ros2_ws/build/dsr_tests:/home/robot/ros2_ws/install/dsr_tests/lib/python3.10/site-packages:/home/robot/ros2_ws/install/dsr_mujoco/local/lib/python3.10/dist-packages:/home/robot/ros2_ws/build/dsr_bringup2:/home/robot/ros2_ws/install/dsr_bringup2/lib/python3.10/site-packages:/home/robot/ros2_ws/install/dsr_msgs2/local/lib/python3.10/dist-packages:/home/robot/ros2_ws/build/dsr_example:/home/robot/ros2_ws/install/dsr_example/lib/python3.10/site-packages:/home/robot/ros2_ws/install/dsr_common2/lib/python3.10/site-packages:/opt/ros/humble/lib/python3.10/site-packages:/opt/ros/humble/local/lib/python3.10/dist-packages'), ('LC_NUMERIC', 'ko_KR.UTF-8'), ('LC_PAPER', 'ko_KR.UTF-8'), ('COLCON', '1'), ('TMUX_PANE', '%4'), ('CMAKE_PREFIX_PATH', '/home/robot/ros2_ws/install/dsr_realtime_control:/home/robot/ros2_ws/install/dsr_mujoco:/home/robot/ros2_ws/install/dsr_controller2:/home/robot/ros2_ws/install/dsr_msgs2:/home/robot/ros2_ws/install/dsr_moveit_config_p3020:/home/robot/ros2_ws/install/dsr_moveit_config_m1509:/home/robot/ros2_ws/install/dsr_moveit_config_m1013:/home/robot/ros2_ws/install/dsr_moveit_config_m0617:/home/robot/ros2_ws/install/dsr_moveit_config_m0609:/home/robot/ros2_ws/install/dsr_moveit_config_h2515:/home/robot/ros2_ws/install/dsr_moveit_config_h2017:/home/robot/ros2_ws/install/dsr_moveit_config_e0509:/home/robot/ros2_ws/install/dsr_moveit_config_a0912:/home/robot/ros2_ws/install/dsr_moveit_config_a0509:/home/robot/ros2_ws/install/dsr_hardware2:/home/robot/ros2_ws/install/dsr_gazebo2:/home/robot/ros2_ws/install/dsr_description2:/home/robot/ros2_ws/install/dsr_common2:/home/robot/ros2_ws/install/dsr_visualservoing:/home/robot/ros2_ws/install/dsr_tests:/home/robot/ros2_ws/install/dsr_bringup2:/home/robot/ros2_ws/install/dsr_example:/opt/ros/humble')]), 'shell': False}
[0.842744] (pick_place_interfaces) StdoutLine: {'line': b'[  1%] Generating C code for ROS interfaces\n'}
[0.848585] (pick_place_interfaces) StdoutLine: {'line': b'[  3%] Generating C++ code for ROS interfaces\n'}
[0.853208] (pick_place_interfaces) StdoutLine: {'line': b'[  3%] Built target ament_cmake_python_copy_pick_place_interfaces\n'}
[0.902547] (-) TimerEvent: {}
[0.961999] (pick_place_interfaces) StdoutLine: {'line': b'running egg_info\n'}
[0.962092] (pick_place_interfaces) StdoutLine: {'line': b'creating pick_place_interfaces.egg-info\n'}
[0.962117] (pick_place_interfaces) StdoutLine: {'line': b'writing pick_place_interfaces.egg-info/PKG-INFO\n'}
[0.962136] (pick_place_interfaces) StdoutLine: {'line': b'writing dependency_links to pick_place_interfaces.egg-info/dependency_links.txt\n'}
[0.962155] (pick_place_interfaces) StdoutLine: {'line': b'writing top-level names to pick_place_interfaces.egg-info/top_level.txt\n'}
[0.962932] (pick_place_interfaces) StdoutLine: {'line': b"writing manifest file 'pick_place_interfaces.egg-info/SOURCES.txt'\n"}
[0.962965] (pick_place_interfaces) StdoutLine: {'line': b"reading manifest file 'pick_place_interfaces.egg-info/SOURCES.txt'\n"}
[0.963023] (pick_place_interfaces) StdoutLine: {'line': b"writing manifest file 'pick_place_interfaces.egg-info/SOURCES.txt'\n"}
[0.979226] (pick_place_interfaces) StdoutLine: {'line': b'[  3%] Built target ament_cmake_python_build_pick_place_interfaces_egg\n'}
[1.002611] (-) TimerEvent: {}
[1.084134] (pick_place_interfaces) StdoutLine: {'line': b'[  3%] Built target pick_place_interfaces__cpp\n'}
[1.084239] (pick_place_interfaces) StdoutLine: {'line': b'[  5%] Building C object CMakeFiles/pick_place_interfaces__rosidl_generator_c.dir/rosidl_generator_c/pick_place_interfaces/srv/detail/pick_place_task__functions.c.o\n'}
[1.084266] (pick_place_interfaces) StdoutLine: {'line': b'[  7%] Building C object CMakeFiles/pick_place_interfaces__rosidl_generator_c.dir/rosidl_generator_c/pick_place_interfaces/srv/detail/get_pick_pose__functions.c.o\n'}
[1.084286] (pick_place_interfaces) StdoutLine: {'line': b'[  9%] Building C object CMakeFiles/pick_place_interfaces__rosidl_generator_c.dir/rosidl_generator_c/pick_place_interfaces/msg/detail/object_pose__functions.c.o\n'}
[1.084376] (pick_place_interfaces) StdoutLine: {'line': b'[ 10%] Building C object CMakeFiles/pick_place_interfaces__rosidl_generator_c.dir/rosidl_generator_c/pick_place_interfaces/srv/detail/validate_object__functions.c.o\n'}
[1.085774] (pick_place_interfaces) StdoutLine: {'line': b'[ 12%] Generating C++ type support dispatch for ROS interfaces\n'}
[1.086278] (pick_place_interfaces) StdoutLine: {'line': b'[ 14%] Generating C++ type support for eProsima Fast-RTPS\n'}
[1.086874] (pick_place_interfaces) StdoutLine: {'line': b'[ 16%] Generating C++ introspection for ROS interfaces\n'}
[1.102699] (-) TimerEvent: {}
[1.112012] (pick_place_interfaces) StdoutLine: {'line': b'[ 18%] Linking C shared library libpick_place_interfaces__rosidl_generator_c.so\n'}
[1.133344] (pick_place_interfaces) StdoutLine: {'line': b'[ 18%] Built target pick_place_interfaces__rosidl_generator_c\n'}
[1.139640] (pick_place_interfaces) StdoutLine: {'line': b'[ 20%] Generating C type support for eProsima Fast-RTPS\n'}
[1.140049] (pick_place_interfaces) StdoutLine: {'line': b'[ 21%] Generating C introspection for ROS interfaces\n'}
[1.140687] (pick_place_interfaces) StdoutLine: {'line': b'[ 23%] Generating C type support dispatch for ROS interfaces\n'}
[1.202777] (-) TimerEvent: {}
[1.265205] (pick_place_interfaces) StdoutLine: {'line': b'[ 25%] Building CXX object CMakeFiles/pick_place_interfaces__rosidl_typesupport_cpp.dir/rosidl_typesupport_cpp/pick_place_interfaces/msg/object_pose__type_support.cpp.o\n'}
[1.265425] (pick_place_interfaces) StdoutLine: {'line': b'[ 27%] Building CXX object CMakeFiles/pick_place_interfaces__rosidl_typesupport_cpp.dir/rosidl_typesupport_cpp/pick_place_interfaces/srv/pick_place_task__type_support.cpp.o\n'}
[1.265547] (pick_place_interfaces) StdoutLine: {'line': b'[ 29%] Building CXX object CMakeFiles/pick_place_interfaces__rosidl_typesupport_cpp.dir/rosidl_typesupport_cpp/pick_place_interfaces/srv/get_pick_pose__type_support.cpp.o\n'}
[1.265609] (pick_place_interfaces) StdoutLine: {'line': b'[ 30%] Building CXX object CMakeFiles/pick_place_interfaces__rosidl_typesupport_cpp.dir/rosidl_typesupport_cpp/pick_place_interfaces/srv/validate_object__type_support.cpp.o\n'}
[1.286630] (pick_place_interfaces) StdoutLine: {'line': b'[ 36%] Building CXX object CMakeFiles/pick_place_interfaces__rosidl_typesupport_introspection_cpp.dir/rosidl_typesupport_introspection_cpp/pick_place_interfaces/srv/detail/validate_object__type_support.cpp.o\n'}
[1.286739] (pick_place_interfaces) StdoutLine: {'line': b'[ 38%] Building CXX object CMakeFiles/pick_place_interfaces__rosidl_typesupport_introspection_cpp.dir/rosidl_typesupport_introspection_cpp/pick_place_interfaces/msg/detail/object_pose__type_support.cpp.o\n'}
[1.286766] (pick_place_interfaces) StdoutLine: {'line': b'[ 38%] Building CXX object CMakeFiles/pick_place_interfaces__rosidl_typesupport_introspection_cpp.dir/rosidl_typesupport_introspection_cpp/pick_place_interfaces/srv/detail/pick_place_task__type_support.cpp.o\n'}
[1.287533] (pick_place_interfaces) StdoutLine: {'line': b'[ 38%] Building CXX object CMakeFiles/pick_place_interfaces__rosidl_typesupport_introspection_cpp.dir/rosidl_typesupport_introspection_cpp/pick_place_interfaces/srv/detail/get_pick_pose__type_support.cpp.o\n'}
[1.303591] (-) TimerEvent: {}
[1.307665] (pick_place_interfaces) StdoutLine: {'line': b'[ 40%] Building CXX object CMakeFiles/pick_place_interfaces__rosidl_typesupport_fastrtps_cpp.dir/rosidl_typesupport_fastrtps_cpp/pick_place_interfaces/msg/detail/dds_fastrtps/object_pose__type_support.cpp.o\n'}
[1.307771] (pick_place_interfaces) StdoutLine: {'line': b'[ 41%] Building CXX object CMakeFiles/pick_place_interfaces__rosidl_typesupport_fastrtps_cpp.dir/rosidl_typesupport_fastrtps_cpp/pick_place_interfaces/srv/detail/dds_fastrtps/pick_place_task__type_support.cpp.o\n'}
[1.307803] (pick_place_interfaces) StdoutLine: {'line': b'[ 43%] Building CXX object CMakeFiles/pick_place_interfaces__rosidl_typesupport_fastrtps_cpp.dir/rosidl_typesupport_fastrtps_cpp/pick_place_interfaces/srv/detail/dds_fastrtps/get_pick_pose__type_support.cpp.o\n'}
[1.308025] (pick_place_interfaces) StdoutLine: {'line': b'[ 45%] Building CXX object CMakeFiles/pick_place_interfaces__rosidl_typesupport_fastrtps_cpp.dir/rosidl_typesupport_fastrtps_cpp/pick_place_interfaces/srv/detail/dds_fastrtps/validate_object__type_support.cpp.o\n'}
[1.324146] (pick_place_interfaces) StdoutLine: {'line': b'[ 49%] Building CXX object CMakeFiles/pick_place_interfaces__rosidl_typesupport_c.dir/rosidl_typesupport_c/pick_place_interfaces/msg/object_pose__type_support.cpp.o\n'}
[1.324265] (pick_place_interfaces) StdoutLine: {'line': b'[ 49%] Building CXX object CMakeFiles/pick_place_interfaces__rosidl_typesupport_c.dir/rosidl_typesupport_c/pick_place_interfaces/srv/pick_place_task__type_support.cpp.o\n'}
[1.325542] (pick_place_interfaces) StdoutLine: {'line': b'[ 50%] Building CXX object CMakeFiles/pick_place_interfaces__rosidl_typesupport_c.dir/rosidl_typesupport_c/pick_place_interfaces/srv/get_pick_pose__type_support.cpp.o\n'}
[1.326260] (pick_place_interfaces) StdoutLine: {'line': b'[ 52%] Building CXX object CMakeFiles/pick_place_interfaces__rosidl_typesupport_c.dir/rosidl_typesupport_c/pick_place_interfaces/srv/validate_object__type_support.cpp.o\n'}
[1.348688] (pick_place_interfaces) StdoutLine: {'line': b'[ 54%] Linking CXX shared library libpick_place_interfaces__rosidl_typesupport_c.so\n'}
[1.357961] (pick_place_interfaces) StdoutLine: {'line': b'[ 56%] Building C object CMakeFiles/pick_place_interfaces__rosidl_typesupport_introspection_c.dir/rosidl_typesupport_introspection_c/pick_place_interfaces/msg/detail/object_pose__type_support.c.o\n'}
[1.359474] (pick_place_interfaces) StdoutLine: {'line': b'[ 58%] Building C object CMakeFiles/pick_place_interfaces__rosidl_typesupport_introspection_c.dir/rosidl_typesupport_introspection_c/pick_place_interfaces/srv/detail/pick_place_task__type_support.c.o\n'}
[1.359545] (pick_place_interfaces) StdoutLine: {'line': b'[ 60%] Building C object CMakeFiles/pick_place_interfaces__rosidl_typesupport_introspection_c.dir/rosidl_typesupport_introspection_c/pick_place_interfaces/srv/detail/get_pick_pose__type_support.c.o\n'}
[1.359571] (pick_place_interfaces) StdoutLine: {'line': b'[ 61%] Building C object CMakeFiles/pick_place_interfaces__rosidl_typesupport_introspection_c.dir/rosidl_typesupport_introspection_c/pick_place_interfaces/srv/detail/validate_object__type_support.c.o\n'}
[1.369681] (pick_place_interfaces) StdoutLine: {'line': b'[ 65%] Building CXX object CMakeFiles/pick_place_interfaces__rosidl_typesupport_fastrtps_c.dir/rosidl_typesupport_fastrtps_c/pick_place_interfaces/srv/detail/get_pick_pose__type_support_c.cpp.o\n'}
[1.369798] (pick_place_interfaces) StdoutLine: {'line': b'[ 65%] Building CXX object CMakeFiles/pick_place_interfaces__rosidl_typesupport_fastrtps_c.dir/rosidl_typesupport_fastrtps_c/pick_place_interfaces/srv/detail/pick_place_task__type_support_c.cpp.o\n'}
[1.369827] (pick_place_interfaces) StdoutLine: {'line': b'[ 67%] Building CXX object CMakeFiles/pick_place_interfaces__rosidl_typesupport_fastrtps_c.dir/rosidl_typesupport_fastrtps_c/pick_place_interfaces/msg/detail/object_pose__type_support_c.cpp.o\n'}
[1.372112] (pick_place_interfaces) StdoutLine: {'line': b'[ 69%] Building CXX object CMakeFiles/pick_place_interfaces__rosidl_typesupport_fastrtps_c.dir/rosidl_typesupport_fastrtps_c/pick_place_interfaces/srv/detail/validate_object__type_support_c.cpp.o\n'}
[1.382667] (pick_place_interfaces) StdoutLine: {'line': b'[ 69%] Built target pick_place_interfaces__rosidl_typesupport_c\n'}
[1.388486] (pick_place_interfaces) StdoutLine: {'line': b'[ 70%] Linking C shared library libpick_place_interfaces__rosidl_typesupport_introspection_c.so\n'}
[1.403685] (-) TimerEvent: {}
[1.413944] (pick_place_interfaces) StdoutLine: {'line': b'[ 70%] Built target pick_place_interfaces__rosidl_typesupport_introspection_c\n'}
[1.435133] (pick_place_interfaces) StdoutLine: {'line': b'[ 72%] Linking CXX shared library libpick_place_interfaces__rosidl_typesupport_cpp.so\n'}
[1.463858] (pick_place_interfaces) StdoutLine: {'line': b'[ 72%] Built target pick_place_interfaces__rosidl_typesupport_cpp\n'}
[1.497075] (pick_place_interfaces) StdoutLine: {'line': b'[ 74%] Linking CXX shared library libpick_place_interfaces__rosidl_typesupport_introspection_cpp.so\n'}
[1.503751] (-) TimerEvent: {}
[1.516841] (pick_place_interfaces) StdoutLine: {'line': b'[ 76%] Linking CXX shared library libpick_place_interfaces__rosidl_typesupport_fastrtps_cpp.so\n'}
[1.531581] (pick_place_interfaces) StdoutLine: {'line': b'[ 76%] Built target pick_place_interfaces__rosidl_typesupport_introspection_cpp\n'}
[1.543122] (pick_place_interfaces) StdoutLine: {'line': b'[ 78%] Linking CXX shared library libpick_place_interfaces__rosidl_typesupport_fastrtps_c.so\n'}
[1.556820] (pick_place_interfaces) StdoutLine: {'line': b'[ 78%] Built target pick_place_interfaces__rosidl_typesupport_fastrtps_cpp\n'}
[1.584902] (pick_place_interfaces) StdoutLine: {'line': b'[ 78%] Built target pick_place_interfaces__rosidl_typesupport_fastrtps_c\n'}
[1.596553] (pick_place_interfaces) StdoutLine: {'line': b'[ 78%] Built target pick_place_interfaces\n'}
[1.603856] (-) TimerEvent: {}
[1.607263] (pick_place_interfaces) StdoutLine: {'line': b'[ 80%] Generating Python code for ROS interfaces\n'}
[1.704040] (-) TimerEvent: {}
[1.804857] (-) TimerEvent: {}
[1.904991] (-) TimerEvent: {}
[1.979808] (pick_place_interfaces) StdoutLine: {'line': b'[ 80%] Built target pick_place_interfaces__py\n'}
[1.992125] (pick_place_interfaces) StdoutLine: {'line': b'[ 81%] Building C object CMakeFiles/pick_place_interfaces__rosidl_generator_py.dir/rosidl_generator_py/pick_place_interfaces/msg/_object_pose_s.c.o\n'}
[1.992484] (pick_place_interfaces) StdoutLine: {'line': b'[ 87%] Building C object CMakeFiles/pick_place_interfaces__rosidl_generator_py.dir/rosidl_generator_py/pick_place_interfaces/srv/_pick_place_task_s.c.o\n'}
[1.992535] (pick_place_interfaces) StdoutLine: {'line': b'[ 87%] Building C object CMakeFiles/pick_place_interfaces__rosidl_generator_py.dir/rosidl_generator_py/pick_place_interfaces/srv/_validate_object_s.c.o\n'}
[1.992560] (pick_place_interfaces) StdoutLine: {'line': b'[ 87%] Building C object CMakeFiles/pick_place_interfaces__rosidl_generator_py.dir/rosidl_generator_py/pick_place_interfaces/srv/_get_pick_pose_s.c.o\n'}
[2.005075] (-) TimerEvent: {}
[2.039398] (pick_place_interfaces) StdoutLine: {'line': b'[ 89%] Linking C shared library rosidl_generator_py/pick_place_interfaces/libpick_place_interfaces__rosidl_generator_py.so\n'}
[2.061655] (pick_place_interfaces) StdoutLine: {'line': b'[ 89%] Built target pick_place_interfaces__rosidl_generator_py\n'}
[2.076049] (pick_place_interfaces) StdoutLine: {'line': b'[ 92%] Building C object CMakeFiles/pick_place_interfaces__rosidl_typesupport_fastrtps_c__pyext.dir/rosidl_generator_py/pick_place_interfaces/_pick_place_interfaces_s.ep.rosidl_typesupport_fastrtps_c.c.o\n'}
[2.076150] (pick_place_interfaces) StdoutLine: {'line': b'[ 92%] Building C object CMakeFiles/pick_place_interfaces__rosidl_typesupport_introspection_c__pyext.dir/rosidl_generator_py/pick_place_interfaces/_pick_place_interfaces_s.ep.rosidl_typesupport_introspection_c.c.o\n'}
[2.076176] (pick_place_interfaces) StdoutLine: {'line': b'[ 94%] Building C object CMakeFiles/pick_place_interfaces__rosidl_typesupport_c__pyext.dir/rosidl_generator_py/pick_place_interfaces/_pick_place_interfaces_s.ep.rosidl_typesupport_c.c.o\n'}
[2.105277] (-) TimerEvent: {}
[2.123147] (pick_place_interfaces) StdoutLine: {'line': b'[ 96%] Linking C shared library rosidl_generator_py/pick_place_interfaces/pick_place_interfaces_s__rosidl_typesupport_introspection_c.cpython-310-x86_64-linux-gnu.so\n'}
[2.123595] (pick_place_interfaces) StdoutLine: {'line': b'[ 98%] Linking C shared library rosidl_generator_py/pick_place_interfaces/pick_place_interfaces_s__rosidl_typesupport_c.cpython-310-x86_64-linux-gnu.so\n'}
[2.125494] (pick_place_interfaces) StdoutLine: {'line': b'[100%] Linking C shared library rosidl_generator_py/pick_place_interfaces/pick_place_interfaces_s__rosidl_typesupport_fastrtps_c.cpython-310-x86_64-linux-gnu.so\n'}
[2.141761] (pick_place_interfaces) StdoutLine: {'line': b'[100%] Built target pick_place_interfaces__rosidl_typesupport_introspection_c__pyext\n'}
[2.142840] (pick_place_interfaces) StdoutLine: {'line': b'[100%] Built target pick_place_interfaces__rosidl_typesupport_c__pyext\n'}
[2.142947] (pick_place_interfaces) StdoutLine: {'line': b'[100%] Built target pick_place_interfaces__rosidl_typesupport_fastrtps_c__pyext\n'}
[2.149705] (pick_place_interfaces) CommandEnded: {'returncode': 0}
[2.151094] (pick_place_interfaces) JobProgress: {'identifier': 'pick_place_interfaces', 'progress': 'install'}
[2.156067] (pick_place_interfaces) Command: {'cmd': ['/usr/bin/cmake', '--install', '/home/robot/jm_ws/build/pick_place_interfaces'], 'cwd': '/home/robot/jm_ws/build/pick_place_interfaces', 'env': OrderedDict([('GZ_SIM_SYSTEM_PLUGIN_PATH', '/home/robot/ros2_ws/install/dsr_description2/lib'), ('RCUTILS_LOGGING_BUFFERED_STREAM', '1'), ('PYTHON_BASIC_REPL', '1'), ('LESSOPEN', '| /usr/bin/lesspipe %s'), ('TMUX', '/tmp/tmux-1000/default,124773,4'), ('GZ_SIM_RESOURCE_PATH', '/home/robot/ros2_ws/install/dsr_description2/share/:/home/robot/ros2_ws/install/dsr_description2/share/dsr_description2/'), ('LANGUAGE', 'ko:en'), ('USER', 'robot'), ('SSH_CLIENT', '192.168.50.242 62032 22'), ('CLAUDE_CODE_ENTRYPOINT', 'cli'), ('LC_TIME', 'ko_KR.UTF-8'), ('GIT_EDITOR', 'true'), ('XDG_SESSION_TYPE', 'tty'), ('GIT_ASKPASS', '/home/robot/.vscode-server/cli/servers/Stable-2901c5ac6db8a986a5666c3af51ff804d05af0d4/server/extensions/git/dist/askpass.sh'), ('SHLVL', '4'), ('RCUTILS_CONSOLE_OUTPUT_FORMAT', '[{severity}]: {message}'), ('LD_LIBRARY_PATH', '/usr/local/cuda-13.0/lib64:/usr/local/cuda-13.0/lib64:/usr/local/cuda-13.0/lib64:/home/robot/ros2_ws/install/dsr_controller2/lib:/home/robot/ros2_ws/install/dsr_msgs2/lib:/home/robot/ros2_ws/install/dsr_hardware2/lib:/usr/lib/x86_64-linux-gnu/gazebo-11/plugins:/opt/ros/humble/opt/rviz_ogre_vendor/lib:/opt/ros/humble/lib/x86_64-linux-gnu:/opt/ros/humble/lib'), ('BROWSER', '/home/robot/.vscode-server/cli/servers/Stable-2901c5ac6db8a986a5666c3af51ff804d05af0d4/server/bin/helpers/browser.sh'), ('MOTD_SHOWN', 'pam'), ('HOME', '/home/robot'), ('CONDA_SHLVL', '0'), ('OLDPWD', '/home/robot/.vscode-server'), ('TERM_PROGRAM_VERSION', '3.2a'), ('VSCODE_IPC_HOOK_CLI', '/run/user/1000/vscode-ipc-9e47b473-f0ff-4ba9-a239-99fdb1a025b3.sock'), ('ROS_PYTHON_VERSION', '3'), ('VSCODE_GIT_ASKPASS_MAIN', '/home/robot/.vscode-server/cli/servers/Stable-2901c5ac6db8a986a5666c3af51ff804d05af0d4/server/extensions/git/dist/askpass-main.js'), ('LC_MONETARY', 'ko_KR.UTF-8'), ('VSCODE_GIT_ASKPASS_NODE', '/home/robot/.vscode-server/cli/servers/Stable-2901c5ac6db8a986a5666c3af51ff804d05af0d4/server/node'), ('SSL_CERT_FILE', '/usr/lib/ssl/certs/ca-certificates.crt'), ('PYDEVD_DISABLE_FILE_VALIDATION', '1'), ('BUNDLED_DEBUGPY_PATH', '/home/robot/.vscode-server/extensions/ms-python.debugpy-2025.18.0-linux-x64/bundled/libs/debugpy'), ('DBUS_SESSION_BUS_ADDRESS', 'unix:path=/run/user/1000/bus'), ('COLORTERM', 'truecolor'), ('_CE_M', ''), ('_CONDA_ROOT', '/home/robot/miniconda3'), ('_colcon_cd_root', '/home/robot/ros2_ws'), ('COLCON_PREFIX_PATH', '/home/robot/ros2_ws/install'), ('ROS_DISTRO', 'humble'), ('LOGNAME', 'robot'), ('_', '/usr/bin/colcon'), ('ROS_VERSION', '2'), ('CLAUDE_CODE_SSE_PORT', '39158'), ('XDG_SESSION_CLASS', 'user'), ('TERM', 'screen'), ('XDG_SESSION_ID', '11'), ('OTEL_EXPORTER_OTLP_METRICS_TEMPORALITY_PREFERENCE', 'delta'), ('GAZEBO_MODEL_PATH', '/home/robot/ros2_ws/install/dsr_description2/share:/home/robot/ros2_ws/install/dsr_description2/share/dsr_description2/'), ('_CE_CONDA', ''), ('ROS_LOCALHOST_ONLY', '0'), ('PATH', '/home/robot/.local/bin:/home/robot/.local/bin:/usr/local/cuda-13.0/bin:/home/robot/.local/bin:/usr/local/cuda-13.0/bin:/home/robot/.vscode-server/data/User/globalStorage/github.copilot-chat/debugCommand:/home/robot/.vscode-server/data/User/globalStorage/github.copilot-chat/copilotCli:/home/robot/.vscode-server/cli/servers/Stable-ce099c1ed25d9eb3076c11e4a280f3eb52b4fbeb/server/bin/remote-cli:/home/robot/miniconda3/condabin:/usr/local/cuda-13.0/bin:/opt/ros/humble/bin:/usr/local/sbin:/usr/local/bin:/usr/sbin:/usr/bin:/sbin:/bin:/usr/games:/usr/local/games:/snap/bin'), ('PAPERSIZE', 'a4'), ('COREPACK_ENABLE_AUTO_PIN', '0'), ('LC_ADDRESS', 'ko_KR.UTF-8'), ('XDG_RUNTIME_DIR', '/run/user/1000'), ('SSL_CERT_DIR', '/usr/lib/ssl/certs'), ('VSCODE_DEBUGPY_ADAPTER_ENDPOINTS', '/home/robot/.vscode-server/extensions/ms-python.debugpy-2025.18.0-linux-x64/.noConfigDebugAdapterEndpoints/endpoint-6c2ce8b463b37305.txt'), ('NoDefaultCurrentDirectoryInExePath', '1'), ('LANG', 'ko_KR.UTF-8'), ('PYTHONSTARTUP', '/home/robot/.vscode-server/data/User/workspaceStorage/06acb0dd213da8b7616ee3ed038f2dde-1/ms-python.python/pythonrc.py'), ('LC_TELEPHONE', 'ko_KR.UTF-8'), ('RMW_IMPLEMENTATION', 'rmw_fastrtps_cpp'), ('LS_COLORS', 'rs=0:di=01;34:ln=01;36:mh=00:pi=40;33:so=01;35:do=01;35:bd=40;33;01:cd=40;33;01:or=40;31;01:mi=00:su=37;41:sg=30;43:ca=30;41:tw=30;42:ow=34;42:st=37;44:ex=01;32:*.tar=01;31:*.tgz=01;31:*.arc=01;31:*.arj=01;31:*.taz=01;31:*.lha=01;31:*.lz4=01;31:*.lzh=01;31:*.lzma=01;31:*.tlz=01;31:*.txz=01;31:*.tzo=01;31:*.t7z=01;31:*.zip=01;31:*.z=01;31:*.dz=01;31:*.gz=01;31:*.lrz=01;31:*.lz=01;31:*.lzo=01;31:*.xz=01;31:*.zst=01;31:*.tzst=01;31:*.bz2=01;31:*.bz=01;31:*.tbz=01;31:*.tbz2=01;31:*.tz=01;31:*.deb=01;31:*.rpm=01;31:*.jar=01;31:*.war=01;31:*.ear=01;31:*.sar=01;31:*.rar=01;31:*.alz=01;31:*.ace=01;31:*.zoo=01;31:*.cpio=01;31:*.7z=01;31:*.rz=01;31:*.cab=01;31:*.wim=01;31:*.swm=01;31:*.dwm=01;31:*.esd=01;31:*.jpg=01;35:*.jpeg=01;35:*.mjpg=01;35:*.mjpeg=01;35:*.gif=01;35:*.bmp=01;35:*.pbm=01;35:*.pgm=01;35:*.ppm=01;35:*.tga=01;35:*.xbm=01;35:*.xpm=01;35:*.tif=01;35:*.tiff=01;35:*.png=01;35:*.svg=01;35:*.svgz=01;35:*.mng=01;35:*.pcx=01;35:*.mov=01;35:*.mpg=01;35:*.mpeg=01;35:*.m2v=01;35:*.mkv=01;35:*.webm=01;35:*.webp=01;35:*.ogm=01;35:*.mp4=01;35:*.m4v=01;35:*.mp4v=01;35:*.vob=01;35:*.qt=01;35:*.nuv=01;35:*.wmv=01;35:*.asf=01;35:*.rm=01;35:*.rmvb=01;35:*.flc=01;35:*.avi=01;35:*.fli=01;35:*.flv=01;35:*.gl=01;35:*.dl=01;35:*.xcf=01;35:*.xwd=01;35:*.yuv=01;35:*.cgm=01;35:*.emf=01;35:*.ogv=01;35:*.ogx=01;35:*.aac=00;36:*.au=00;36:*.flac=00;36:*.m4a=00;36:*.mid=00;36:*.midi=00;36:*.mka=00;36:*.mp3=00;36:*.mpc=00;36:*.ogg=00;36:*.ra=00;36:*.wav=00;36:*.oga=00;36:*.opus=00;36:*.spx=00;36:*.xspf=00;36:'), ('VSCODE_GIT_IPC_HANDLE', '/run/user/1000/vscode-git-6c04bed6ce.sock'), ('TERM_PROGRAM', 'tmux'), ('ROS_DOMAIN_ID', '127'), ('AMENT_PREFIX_PATH', '/home/robot/ros2_ws/install/dsr_visualservoing:/home/robot/ros2_ws/install/dsr_tests:/home/robot/ros2_ws/install/dsr_realtime_control:/home/robot/ros2_ws/install/dsr_mujoco:/home/robot/ros2_ws/install/dsr_controller2:/home/robot/ros2_ws/install/dsr_bringup2:/home/robot/ros2_ws/install/dsr_msgs2:/home/robot/ros2_ws/install/dsr_moveit_config_p3020:/home/robot/ros2_ws/install/dsr_moveit_config_m1509:/home/robot/ros2_ws/install/dsr_moveit_config_m1013:/home/robot/ros2_ws/install/dsr_moveit_config_m0617:/home/robot/ros2_ws/install/dsr_moveit_config_m0609:/home/robot/ros2_ws/install/dsr_moveit_config_h2515:/home/robot/ros2_ws/install/dsr_moveit_config_h2017:/home/robot/ros2_ws/install/dsr_moveit_config_e0509:/home/robot/ros2_ws/install/dsr_moveit_config_a0912:/home/robot/ros2_ws/install/dsr_moveit_config_a0509:/home/robot/ros2_ws/install/dsr_hardware2:/home/robot/ros2_ws/install/dsr_gazebo2:/home/robot/ros2_ws/install/dsr_example:/home/robot/ros2_ws/install/dsr_description2:/home/robot/ros2_ws/install/dsr_common2:/opt/ros/humble'), ('CONDA_PYTHON_EXE', '/home/robot/miniconda3/bin/python'), ('SHELL', '/bin/bash'), ('IGN_GAZEBO_SYSTEM_PLUGIN_PATH', '/home/robot/ros2_ws/install/dsr_description2/lib'), ('LC_NAME', 'ko_KR.UTF-8'), ('LESSCLOSE', '/usr/bin/lesspipe %s %s'), ('IGN_GAZEBO_RESOURCE_PATH', '/home/robot/ros2_ws/install/dsr_description2/share/:/home/robot/ros2_ws/install/dsr_description2/share/dsr_description2/'), ('CLAUDECODE', '1'), ('LC_MEASUREMENT', 'ko_KR.UTF-8'), ('_CONDA_EXE', '/home/robot/miniconda3/bin/conda'), ('LC_IDENTIFICATION', 'ko_KR.UTF-8'), ('VSCODE_GIT_ASKPASS_EXTRA_ARGS', ''), ('RCUTILS_LOGGING_USE_STDOUT', '0'), ('PWD', '/home/robot/jm_ws/build/pick_place_interfaces'), ('LC_ALL', 'en_US.UTF-8'), ('CONDA_EXE', '/home/robot/miniconda3/bin/conda'), ('SSH_CONNECTION', '192.168.50.172 65168 192.168.50.125 22'), ('RCUTILS_COLORIZED_OUTPUT', '1'), ('XDG_DATA_DIRS', '/usr/share/gnome:/usr/local/share:/usr/share:/var/lib/snapd/desktop'), ('PYTHONPATH', '/home/robot/ros2_ws/build/dsr_visualservoing:/home/robot/ros2_ws/install/dsr_visualservoing/lib/python3.10/site-packages:/home/robot/ros2_ws/build/dsr_tests:/home/robot/ros2_ws/install/dsr_tests/lib/python3.10/site-packages:/home/robot/ros2_ws/install/dsr_mujoco/local/lib/python3.10/dist-packages:/home/robot/ros2_ws/build/dsr_bringup2:/home/robot/ros2_ws/install/dsr_bringup2/lib/python3.10/site-packages:/home/robot/ros2_ws/install/dsr_msgs2/local/lib/python3.10/dist-packages:/home/robot/ros2_ws/build/dsr_example:/home/robot/ros2_ws/install/dsr_example/lib/python3.10/site-packages:/home/robot/ros2_ws/install/dsr_common2/lib/python3.10/site-packages:/opt/ros/humble/lib/python3.10/site-packages:/opt/ros/humble/local/lib/python3.10/dist-packages'), ('LC_NUMERIC', 'ko_KR.UTF-8'), ('LC_PAPER', 'ko_KR.UTF-8'), ('COLCON', '1'), ('TMUX_PANE', '%4'), ('CMAKE_PREFIX_PATH', '/home/robot/ros2_ws/install/dsr_realtime_control:/home/robot/ros2_ws/install/dsr_mujoco:/home/robot/ros2_ws/install/dsr_controller2:/home/robot/ros2_ws/install/dsr_msgs2:/home/robot/ros2_ws/install/dsr_moveit_config_p3020:/home/robot/ros2_ws/install/dsr_moveit_config_m1509:/home/robot/ros2_ws/install/dsr_moveit_config_m1013:/home/robot/ros2_ws/install/dsr_moveit_config_m0617:/home/robot/ros2_ws/install/dsr_moveit_config_m0609:/home/robot/ros2_ws/install/dsr_moveit_config_h2515:/home/robot/ros2_ws/install/dsr_moveit_config_h2017:/home/robot/ros2_ws/install/dsr_moveit_config_e0509:/home/robot/ros2_ws/install/dsr_moveit_config_a0912:/home/robot/ros2_ws/install/dsr_moveit_config_a0509:/home/robot/ros2_ws/install/dsr_hardware2:/home/robot/ros2_ws/install/dsr_gazebo2:/home/robot/ros2_ws/install/dsr_description2:/home/robot/ros2_ws/install/dsr_common2:/home/robot/ros2_ws/install/dsr_visualservoing:/home/robot/ros2_ws/install/dsr_tests:/home/robot/ros2_ws/install/dsr_bringup2:/home/robot/ros2_ws/install/dsr_example:/opt/ros/humble')]), 'shell': False}
[2.160397] (pick_place_interfaces) StdoutLine: {'line': b'-- Install configuration: ""\n'}
[2.160494] (pick_place_interfaces) StdoutLine: {'line': b'-- Installing: /home/robot/jm_ws/install/pick_place_interfaces/share/ament_index/resource_index/rosidl_interfaces/pick_place_interfaces\n'}
[2.160527] (pick_place_interfaces) StdoutLine: {'line': b'-- Installing: /home/robot/jm_ws/install/pick_place_interfaces/include/pick_place_interfaces/pick_place_interfaces\n'}
[2.160551] (pick_place_interfaces) StdoutLine: {'line': b'-- Installing: /home/robot/jm_ws/install/pick_place_interfaces/include/pick_place_interfaces/pick_place_interfaces/srv\n'}
[2.160718] (pick_place_interfaces) StdoutLine: {'line': b'-- Installing: /home/robot/jm_ws/install/pick_place_interfaces/include/pick_place_interfaces/pick_place_interfaces/srv/pick_place_task.h\n'}
[2.160756] (pick_place_interfaces) StdoutLine: {'line': b'-- Installing: /home/robot/jm_ws/install/pick_place_interfaces/include/pick_place_interfaces/pick_place_interfaces/srv/get_pick_pose.h\n'}
[2.160810] (pick_place_interfaces) StdoutLine: {'line': b'-- Installing: /home/robot/jm_ws/install/pick_place_interfaces/include/pick_place_interfaces/pick_place_interfaces/srv/validate_object.h\n'}
[2.160871] (pick_place_interfaces) StdoutLine: {'line': b'-- Installing: /home/robot/jm_ws/install/pick_place_interfaces/include/pick_place_interfaces/pick_place_interfaces/srv/detail\n'}
[2.160892] (pick_place_interfaces) StdoutLine: {'line': b'-- Installing: /home/robot/jm_ws/install/pick_place_interfaces/include/pick_place_interfaces/pick_place_interfaces/srv/detail/get_pick_pose__functions.c\n'}
[2.160951] (pick_place_interfaces) StdoutLine: {'line': b'-- Installing: /home/robot/jm_ws/install/pick_place_interfaces/include/pick_place_interfaces/pick_place_interfaces/srv/detail/pick_place_task__functions.c\n'}
[2.161004] (pick_place_interfaces) StdoutLine: {'line': b'-- Installing: /home/robot/jm_ws/install/pick_place_interfaces/include/pick_place_interfaces/pick_place_interfaces/srv/detail/validate_object__functions.h\n'}
[2.161019] (pick_place_interfaces) StdoutLine: {'line': b'-- Installing: /home/robot/jm_ws/install/pick_place_interfaces/include/pick_place_interfaces/pick_place_interfaces/srv/detail/pick_place_task__functions.h\n'}
[2.161035] (pick_place_interfaces) StdoutLine: {'line': b'-- Installing: /home/robot/jm_ws/install/pick_place_interfaces/include/pick_place_interfaces/pick_place_interfaces/srv/detail/get_pick_pose__struct.h\n'}
[2.161089] (pick_place_interfaces) StdoutLine: {'line': b'-- Installing: /home/robot/jm_ws/install/pick_place_interfaces/include/pick_place_interfaces/pick_place_interfaces/srv/detail/pick_place_task__type_support.h\n'}
[2.161105] (pick_place_interfaces) StdoutLine: {'line': b'-- Installing: /home/robot/jm_ws/install/pick_place_interfaces/include/pick_place_interfaces/pick_place_interfaces/srv/detail/validate_object__struct.h\n'}
[2.161120] (pick_place_interfaces) StdoutLine: {'line': b'-- Installing: /home/robot/jm_ws/install/pick_place_interfaces/include/pick_place_interfaces/pick_place_interfaces/srv/detail/get_pick_pose__functions.h\n'}
[2.161159] (pick_place_interfaces) StdoutLine: {'line': b'-- Installing: /home/robot/jm_ws/install/pick_place_interfaces/include/pick_place_interfaces/pick_place_interfaces/srv/detail/validate_object__type_support.h\n'}
[2.161176] (pick_place_interfaces) StdoutLine: {'line': b'-- Installing: /home/robot/jm_ws/install/pick_place_interfaces/include/pick_place_interfaces/pick_place_interfaces/srv/detail/pick_place_task__struct.h\n'}
[2.161191] (pick_place_interfaces) StdoutLine: {'line': b'-- Installing: /home/robot/jm_ws/install/pick_place_interfaces/include/pick_place_interfaces/pick_place_interfaces/srv/detail/validate_object__functions.c\n'}
[2.161205] (pick_place_interfaces) StdoutLine: {'line': b'-- Installing: /home/robot/jm_ws/install/pick_place_interfaces/include/pick_place_interfaces/pick_place_interfaces/srv/detail/get_pick_pose__type_support.h\n'}
[2.161219] (pick_place_interfaces) StdoutLine: {'line': b'-- Installing: /home/robot/jm_ws/install/pick_place_interfaces/include/pick_place_interfaces/pick_place_interfaces/msg\n'}
[2.161236] (pick_place_interfaces) StdoutLine: {'line': b'-- Installing: /home/robot/jm_ws/install/pick_place_interfaces/include/pick_place_interfaces/pick_place_interfaces/msg/detail\n'}
[2.161252] (pick_place_interfaces) StdoutLine: {'line': b'-- Installing: /home/robot/jm_ws/install/pick_place_interfaces/include/pick_place_interfaces/pick_place_interfaces/msg/detail/object_pose__struct.h\n'}
[2.161269] (pick_place_interfaces) StdoutLine: {'line': b'-- Installing: /home/robot/jm_ws/install/pick_place_interfaces/include/pick_place_interfaces/pick_place_interfaces/msg/detail/object_pose__functions.h\n'}
[2.161285] (pick_place_interfaces) StdoutLine: {'line': b'-- Installing: /home/robot/jm_ws/install/pick_place_interfaces/include/pick_place_interfaces/pick_place_interfaces/msg/detail/object_pose__functions.c\n'}
[2.161302] (pick_place_interfaces) StdoutLine: {'line': b'-- Installing: /home/robot/jm_ws/install/pick_place_interfaces/include/pick_place_interfaces/pick_place_interfaces/msg/detail/object_pose__type_support.h\n'}
[2.161318] (pick_place_interfaces) StdoutLine: {'line': b'-- Installing: /home/robot/jm_ws/install/pick_place_interfaces/include/pick_place_interfaces/pick_place_interfaces/msg/object_pose.h\n'}
[2.161334] (pick_place_interfaces) StdoutLine: {'line': b'-- Installing: /home/robot/jm_ws/install/pick_place_interfaces/include/pick_place_interfaces/pick_place_interfaces/msg/rosidl_generator_c__visibility_control.h\n'}
[2.161350] (pick_place_interfaces) StdoutLine: {'line': b'-- Installing: /home/robot/jm_ws/install/pick_place_interfaces/share/pick_place_interfaces/environment/library_path.sh\n'}
[2.161367] (pick_place_interfaces) StdoutLine: {'line': b'-- Installing: /home/robot/jm_ws/install/pick_place_interfaces/share/pick_place_interfaces/environment/library_path.dsv\n'}
[2.161383] (pick_place_interfaces) StdoutLine: {'line': b'-- Installing: /home/robot/jm_ws/install/pick_place_interfaces/lib/libpick_place_interfaces__rosidl_generator_c.so\n'}
[2.161461] (pick_place_interfaces) StdoutLine: {'line': b'-- Set runtime path of "/home/robot/jm_ws/install/pick_place_interfaces/lib/libpick_place_interfaces__rosidl_generator_c.so" to ""\n'}
[2.161479] (pick_place_interfaces) StdoutLine: {'line': b'-- Up-to-date: /home/robot/jm_ws/install/pick_place_interfaces/include/pick_place_interfaces/pick_place_interfaces\n'}
[2.161495] (pick_place_interfaces) StdoutLine: {'line': b'-- Up-to-date: /home/robot/jm_ws/install/pick_place_interfaces/include/pick_place_interfaces/pick_place_interfaces/srv\n'}
[2.161509] (pick_place_interfaces) StdoutLine: {'line': b'-- Up-to-date: /home/robot/jm_ws/install/pick_place_interfaces/include/pick_place_interfaces/pick_place_interfaces/srv/detail\n'}
[2.161532] (pick_place_interfaces) StdoutLine: {'line': b'-- Installing: /home/robot/jm_ws/install/pick_place_interfaces/include/pick_place_interfaces/pick_place_interfaces/srv/detail/pick_place_task__rosidl_typesupport_fastrtps_c.h\n'}
[2.161546] (pick_place_interfaces) StdoutLine: {'line': b'-- Installing: /home/robot/jm_ws/install/pick_place_interfaces/include/pick_place_interfaces/pick_place_interfaces/srv/detail/validate_object__rosidl_typesupport_fastrtps_c.h\n'}
[2.161627] (pick_place_interfaces) StdoutLine: {'line': b'-- Installing: /home/robot/jm_ws/install/pick_place_interfaces/include/pick_place_interfaces/pick_place_interfaces/srv/detail/get_pick_pose__rosidl_typesupport_fastrtps_c.h\n'}
[2.161682] (pick_place_interfaces) StdoutLine: {'line': b'-- Up-to-date: /home/robot/jm_ws/install/pick_place_interfaces/include/pick_place_interfaces/pick_place_interfaces/msg\n'}
[2.161789] (pick_place_interfaces) StdoutLine: {'line': b'-- Installing: /home/robot/jm_ws/install/pick_place_interfaces/include/pick_place_interfaces/pick_place_interfaces/msg/rosidl_typesupport_fastrtps_c__visibility_control.h\n'}
[2.161807] (pick_place_interfaces) StdoutLine: {'line': b'-- Up-to-date: /home/robot/jm_ws/install/pick_place_interfaces/include/pick_place_interfaces/pick_place_interfaces/msg/detail\n'}
[2.161821] (pick_place_interfaces) StdoutLine: {'line': b'-- Installing: /home/robot/jm_ws/install/pick_place_interfaces/include/pick_place_interfaces/pick_place_interfaces/msg/detail/object_pose__rosidl_typesupport_fastrtps_c.h\n'}
[2.161837] (pick_place_interfaces) StdoutLine: {'line': b'-- Installing: /home/robot/jm_ws/install/pick_place_interfaces/lib/libpick_place_interfaces__rosidl_typesupport_fastrtps_c.so\n'}
[2.161854] (pick_place_interfaces) StdoutLine: {'line': b'-- Set runtime path of "/home/robot/jm_ws/install/pick_place_interfaces/lib/libpick_place_interfaces__rosidl_typesupport_fastrtps_c.so" to ""\n'}
[2.161870] (pick_place_interfaces) StdoutLine: {'line': b'-- Up-to-date: /home/robot/jm_ws/install/pick_place_interfaces/include/pick_place_interfaces/pick_place_interfaces\n'}
[2.161886] (pick_place_interfaces) StdoutLine: {'line': b'-- Up-to-date: /home/robot/jm_ws/install/pick_place_interfaces/include/pick_place_interfaces/pick_place_interfaces/srv\n'}
[2.161902] (pick_place_interfaces) StdoutLine: {'line': b'-- Up-to-date: /home/robot/jm_ws/install/pick_place_interfaces/include/pick_place_interfaces/pick_place_interfaces/srv/detail\n'}
[2.161918] (pick_place_interfaces) StdoutLine: {'line': b'-- Installing: /home/robot/jm_ws/install/pick_place_interfaces/include/pick_place_interfaces/pick_place_interfaces/srv/detail/pick_place_task__rosidl_typesupport_introspection_c.h\n'}
[2.161934] (pick_place_interfaces) StdoutLine: {'line': b'-- Installing: /home/robot/jm_ws/install/pick_place_interfaces/include/pick_place_interfaces/pick_place_interfaces/srv/detail/pick_place_task__type_support.c\n'}
[2.161950] (pick_place_interfaces) StdoutLine: {'line': b'-- Installing: /home/robot/jm_ws/install/pick_place_interfaces/include/pick_place_interfaces/pick_place_interfaces/srv/detail/get_pick_pose__type_support.c\n'}
[2.161967] (pick_place_interfaces) StdoutLine: {'line': b'-- Installing: /home/robot/jm_ws/install/pick_place_interfaces/include/pick_place_interfaces/pick_place_interfaces/srv/detail/validate_object__rosidl_typesupport_introspection_c.h\n'}
[2.161983] (pick_place_interfaces) StdoutLine: {'line': b'-- Installing: /home/robot/jm_ws/install/pick_place_interfaces/include/pick_place_interfaces/pick_place_interfaces/srv/detail/validate_object__type_support.c\n'}
[2.162043] (pick_place_interfaces) StdoutLine: {'line': b'-- Installing: /home/robot/jm_ws/install/pick_place_interfaces/include/pick_place_interfaces/pick_place_interfaces/srv/detail/get_pick_pose__rosidl_typesupport_introspection_c.h\n'}
[2.162059] (pick_place_interfaces) StdoutLine: {'line': b'-- Up-to-date: /home/robot/jm_ws/install/pick_place_interfaces/include/pick_place_interfaces/pick_place_interfaces/msg\n'}
[2.162074] (pick_place_interfaces) StdoutLine: {'line': b'-- Installing: /home/robot/jm_ws/install/pick_place_interfaces/include/pick_place_interfaces/pick_place_interfaces/msg/rosidl_typesupport_introspection_c__visibility_control.h\n'}
[2.162088] (pick_place_interfaces) StdoutLine: {'line': b'-- Up-to-date: /home/robot/jm_ws/install/pick_place_interfaces/include/pick_place_interfaces/pick_place_interfaces/msg/detail\n'}
[2.162102] (pick_place_interfaces) StdoutLine: {'line': b'-- Installing: /home/robot/jm_ws/install/pick_place_interfaces/include/pick_place_interfaces/pick_place_interfaces/msg/detail/object_pose__type_support.c\n'}
[2.162118] (pick_place_interfaces) StdoutLine: {'line': b'-- Installing: /home/robot/jm_ws/install/pick_place_interfaces/include/pick_place_interfaces/pick_place_interfaces/msg/detail/object_pose__rosidl_typesupport_introspection_c.h\n'}
[2.162134] (pick_place_interfaces) StdoutLine: {'line': b'-- Installing: /home/robot/jm_ws/install/pick_place_interfaces/lib/libpick_place_interfaces__rosidl_typesupport_introspection_c.so\n'}
[2.162175] (pick_place_interfaces) StdoutLine: {'line': b'-- Set runtime path of "/home/robot/jm_ws/install/pick_place_interfaces/lib/libpick_place_interfaces__rosidl_typesupport_introspection_c.so" to ""\n'}
[2.162192] (pick_place_interfaces) StdoutLine: {'line': b'-- Installing: /home/robot/jm_ws/install/pick_place_interfaces/lib/libpick_place_interfaces__rosidl_typesupport_c.so\n'}
[2.162254] (pick_place_interfaces) StdoutLine: {'line': b'-- Set runtime path of "/home/robot/jm_ws/install/pick_place_interfaces/lib/libpick_place_interfaces__rosidl_typesupport_c.so" to ""\n'}
[2.162312] (pick_place_interfaces) StdoutLine: {'line': b'-- Up-to-date: /home/robot/jm_ws/install/pick_place_interfaces/include/pick_place_interfaces/pick_place_interfaces\n'}
[2.162329] (pick_place_interfaces) StdoutLine: {'line': b'-- Up-to-date: /home/robot/jm_ws/install/pick_place_interfaces/include/pick_place_interfaces/pick_place_interfaces/srv\n'}
[2.162345] (pick_place_interfaces) StdoutLine: {'line': b'-- Installing: /home/robot/jm_ws/install/pick_place_interfaces/include/pick_place_interfaces/pick_place_interfaces/srv/get_pick_pose.hpp\n'}
[2.162385] (pick_place_interfaces) StdoutLine: {'line': b'-- Installing: /home/robot/jm_ws/install/pick_place_interfaces/include/pick_place_interfaces/pick_place_interfaces/srv/validate_object.hpp\n'}
[2.162421] (pick_place_interfaces) StdoutLine: {'line': b'-- Installing: /home/robot/jm_ws/install/pick_place_interfaces/include/pick_place_interfaces/pick_place_interfaces/srv/pick_place_task.hpp\n'}
[2.162439] (pick_place_interfaces) StdoutLine: {'line': b'-- Up-to-date: /home/robot/jm_ws/install/pick_place_interfaces/include/pick_place_interfaces/pick_place_interfaces/srv/detail\n'}
[2.162456] (pick_place_interfaces) StdoutLine: {'line': b'-- Installing: /home/robot/jm_ws/install/pick_place_interfaces/include/pick_place_interfaces/pick_place_interfaces/srv/detail/pick_place_task__traits.hpp\n'}
[2.162473] (pick_place_interfaces) StdoutLine: {'line': b'-- Installing: /home/robot/jm_ws/install/pick_place_interfaces/include/pick_place_interfaces/pick_place_interfaces/srv/detail/pick_place_task__struct.hpp\n'}
[2.162519] (pick_place_interfaces) StdoutLine: {'line': b'-- Installing: /home/robot/jm_ws/install/pick_place_interfaces/include/pick_place_interfaces/pick_place_interfaces/srv/detail/get_pick_pose__builder.hpp\n'}
[2.162538] (pick_place_interfaces) StdoutLine: {'line': b'-- Installing: /home/robot/jm_ws/install/pick_place_interfaces/include/pick_place_interfaces/pick_place_interfaces/srv/detail/validate_object__type_support.hpp\n'}
[2.162555] (pick_place_interfaces) StdoutLine: {'line': b'-- Installing: /home/robot/jm_ws/install/pick_place_interfaces/include/pick_place_interfaces/pick_place_interfaces/srv/detail/validate_object__struct.hpp\n'}
[2.162572] (pick_place_interfaces) StdoutLine: {'line': b'-- Installing: /home/robot/jm_ws/install/pick_place_interfaces/include/pick_place_interfaces/pick_place_interfaces/srv/detail/validate_object__builder.hpp\n'}
[2.162609] (pick_place_interfaces) StdoutLine: {'line': b'-- Installing: /home/robot/jm_ws/install/pick_place_interfaces/include/pick_place_interfaces/pick_place_interfaces/srv/detail/pick_place_task__builder.hpp\n'}
[2.162627] (pick_place_interfaces) StdoutLine: {'line': b'-- Installing: /home/robot/jm_ws/install/pick_place_interfaces/include/pick_place_interfaces/pick_place_interfaces/srv/detail/validate_object__traits.hpp\n'}
[2.162644] (pick_place_interfaces) StdoutLine: {'line': b'-- Installing: /home/robot/jm_ws/install/pick_place_interfaces/include/pick_place_interfaces/pick_place_interfaces/srv/detail/get_pick_pose__traits.hpp\n'}
[2.162689] (pick_place_interfaces) StdoutLine: {'line': b'-- Installing: /home/robot/jm_ws/install/pick_place_interfaces/include/pick_place_interfaces/pick_place_interfaces/srv/detail/pick_place_task__type_support.hpp\n'}
[2.162706] (pick_place_interfaces) StdoutLine: {'line': b'-- Installing: /home/robot/jm_ws/install/pick_place_interfaces/include/pick_place_interfaces/pick_place_interfaces/srv/detail/get_pick_pose__type_support.hpp\n'}
[2.162722] (pick_place_interfaces) StdoutLine: {'line': b'-- Installing: /home/robot/jm_ws/install/pick_place_interfaces/include/pick_place_interfaces/pick_place_interfaces/srv/detail/get_pick_pose__struct.hpp\n'}
[2.162771] (pick_place_interfaces) StdoutLine: {'line': b'-- Up-to-date: /home/robot/jm_ws/install/pick_place_interfaces/include/pick_place_interfaces/pick_place_interfaces/msg\n'}
[2.162790] (pick_place_interfaces) StdoutLine: {'line': b'-- Installing: /home/robot/jm_ws/install/pick_place_interfaces/include/pick_place_interfaces/pick_place_interfaces/msg/object_pose.hpp\n'}
[2.162807] (pick_place_interfaces) StdoutLine: {'line': b'-- Up-to-date: /home/robot/jm_ws/install/pick_place_interfaces/include/pick_place_interfaces/pick_place_interfaces/msg/detail\n'}
[2.162823] (pick_place_interfaces) StdoutLine: {'line': b'-- Installing: /home/robot/jm_ws/install/pick_place_interfaces/include/pick_place_interfaces/pick_place_interfaces/msg/detail/object_pose__type_support.hpp\n'}
[2.162840] (pick_place_interfaces) StdoutLine: {'line': b'-- Installing: /home/robot/jm_ws/install/pick_place_interfaces/include/pick_place_interfaces/pick_place_interfaces/msg/detail/object_pose__traits.hpp\n'}
[2.162900] (pick_place_interfaces) StdoutLine: {'line': b'-- Installing: /home/robot/jm_ws/install/pick_place_interfaces/include/pick_place_interfaces/pick_place_interfaces/msg/detail/object_pose__builder.hpp\n'}
[2.162917] (pick_place_interfaces) StdoutLine: {'line': b'-- Installing: /home/robot/jm_ws/install/pick_place_interfaces/include/pick_place_interfaces/pick_place_interfaces/msg/detail/object_pose__struct.hpp\n'}
[2.162935] (pick_place_interfaces) StdoutLine: {'line': b'-- Installing: /home/robot/jm_ws/install/pick_place_interfaces/include/pick_place_interfaces/pick_place_interfaces/msg/rosidl_generator_cpp__visibility_control.hpp\n'}
[2.162952] (pick_place_interfaces) StdoutLine: {'line': b'-- Up-to-date: /home/robot/jm_ws/install/pick_place_interfaces/include/pick_place_interfaces/pick_place_interfaces\n'}
[2.162969] (pick_place_interfaces) StdoutLine: {'line': b'-- Up-to-date: /home/robot/jm_ws/install/pick_place_interfaces/include/pick_place_interfaces/pick_place_interfaces/srv\n'}
[2.162986] (pick_place_interfaces) StdoutLine: {'line': b'-- Up-to-date: /home/robot/jm_ws/install/pick_place_interfaces/include/pick_place_interfaces/pick_place_interfaces/srv/detail\n'}
[2.163039] (pick_place_interfaces) StdoutLine: {'line': b'-- Installing: /home/robot/jm_ws/install/pick_place_interfaces/include/pick_place_interfaces/pick_place_interfaces/srv/detail/dds_fastrtps\n'}
[2.163057] (pick_place_interfaces) StdoutLine: {'line': b'-- Installing: /home/robot/jm_ws/install/pick_place_interfaces/include/pick_place_interfaces/pick_place_interfaces/srv/detail/validate_object__rosidl_typesupport_fastrtps_cpp.hpp\n'}
[2.163093] (pick_place_interfaces) StdoutLine: {'line': b'-- Installing: /home/robot/jm_ws/install/pick_place_interfaces/include/pick_place_interfaces/pick_place_interfaces/srv/detail/get_pick_pose__rosidl_typesupport_fastrtps_cpp.hpp\n'}
[2.163109] (pick_place_interfaces) StdoutLine: {'line': b'-- Installing: /home/robot/jm_ws/install/pick_place_interfaces/include/pick_place_interfaces/pick_place_interfaces/srv/detail/pick_place_task__rosidl_typesupport_fastrtps_cpp.hpp\n'}
[2.163126] (pick_place_interfaces) StdoutLine: {'line': b'-- Up-to-date: /home/robot/jm_ws/install/pick_place_interfaces/include/pick_place_interfaces/pick_place_interfaces/msg\n'}
[2.163158] (pick_place_interfaces) StdoutLine: {'line': b'-- Installing: /home/robot/jm_ws/install/pick_place_interfaces/include/pick_place_interfaces/pick_place_interfaces/msg/rosidl_typesupport_fastrtps_cpp__visibility_control.h\n'}
[2.163173] (pick_place_interfaces) StdoutLine: {'line': b'-- Up-to-date: /home/robot/jm_ws/install/pick_place_interfaces/include/pick_place_interfaces/pick_place_interfaces/msg/detail\n'}
[2.163188] (pick_place_interfaces) StdoutLine: {'line': b'-- Installing: /home/robot/jm_ws/install/pick_place_interfaces/include/pick_place_interfaces/pick_place_interfaces/msg/detail/dds_fastrtps\n'}
[2.163203] (pick_place_interfaces) StdoutLine: {'line': b'-- Installing: /home/robot/jm_ws/install/pick_place_interfaces/include/pick_place_interfaces/pick_place_interfaces/msg/detail/object_pose__rosidl_typesupport_fastrtps_cpp.hpp\n'}
[2.163218] (pick_place_interfaces) StdoutLine: {'line': b'-- Installing: /home/robot/jm_ws/install/pick_place_interfaces/lib/libpick_place_interfaces__rosidl_typesupport_fastrtps_cpp.so\n'}
[2.163256] (pick_place_interfaces) StdoutLine: {'line': b'-- Set runtime path of "/home/robot/jm_ws/install/pick_place_interfaces/lib/libpick_place_interfaces__rosidl_typesupport_fastrtps_cpp.so" to ""\n'}
[2.163314] (pick_place_interfaces) StdoutLine: {'line': b'-- Up-to-date: /home/robot/jm_ws/install/pick_place_interfaces/include/pick_place_interfaces/pick_place_interfaces\n'}
[2.163331] (pick_place_interfaces) StdoutLine: {'line': b'-- Up-to-date: /home/robot/jm_ws/install/pick_place_interfaces/include/pick_place_interfaces/pick_place_interfaces/srv\n'}
[2.163347] (pick_place_interfaces) StdoutLine: {'line': b'-- Up-to-date: /home/robot/jm_ws/install/pick_place_interfaces/include/pick_place_interfaces/pick_place_interfaces/srv/detail\n'}
[2.163363] (pick_place_interfaces) StdoutLine: {'line': b'-- Installing: /home/robot/jm_ws/install/pick_place_interfaces/include/pick_place_interfaces/pick_place_interfaces/srv/detail/pick_place_task__type_support.cpp\n'}
[2.163400] (pick_place_interfaces) StdoutLine: {'line': b'-- Installing: /home/robot/jm_ws/install/pick_place_interfaces/include/pick_place_interfaces/pick_place_interfaces/srv/detail/get_pick_pose__rosidl_typesupport_introspection_cpp.hpp\n'}
[2.163419] (pick_place_interfaces) StdoutLine: {'line': b'-- Installing: /home/robot/jm_ws/install/pick_place_interfaces/include/pick_place_interfaces/pick_place_interfaces/srv/detail/validate_object__type_support.cpp\n'}
[2.163435] (pick_place_interfaces) StdoutLine: {'line': b'-- Installing: /home/robot/jm_ws/install/pick_place_interfaces/include/pick_place_interfaces/pick_place_interfaces/srv/detail/get_pick_pose__type_support.cpp\n'}
[2.163487] (pick_place_interfaces) StdoutLine: {'line': b'-- Installing: /home/robot/jm_ws/install/pick_place_interfaces/include/pick_place_interfaces/pick_place_interfaces/srv/detail/validate_object__rosidl_typesupport_introspection_cpp.hpp\n'}
[2.163505] (pick_place_interfaces) StdoutLine: {'line': b'-- Installing: /home/robot/jm_ws/install/pick_place_interfaces/include/pick_place_interfaces/pick_place_interfaces/srv/detail/pick_place_task__rosidl_typesupport_introspection_cpp.hpp\n'}
[2.163524] (pick_place_interfaces) StdoutLine: {'line': b'-- Up-to-date: /home/robot/jm_ws/install/pick_place_interfaces/include/pick_place_interfaces/pick_place_interfaces/msg\n'}
[2.163541] (pick_place_interfaces) StdoutLine: {'line': b'-- Up-to-date: /home/robot/jm_ws/install/pick_place_interfaces/include/pick_place_interfaces/pick_place_interfaces/msg/detail\n'}
[2.163557] (pick_place_interfaces) StdoutLine: {'line': b'-- Installing: /home/robot/jm_ws/install/pick_place_interfaces/include/pick_place_interfaces/pick_place_interfaces/msg/detail/object_pose__type_support.cpp\n'}
[2.163593] (pick_place_interfaces) StdoutLine: {'line': b'-- Installing: /home/robot/jm_ws/install/pick_place_interfaces/include/pick_place_interfaces/pick_place_interfaces/msg/detail/object_pose__rosidl_typesupport_introspection_cpp.hpp\n'}
[2.163609] (pick_place_interfaces) StdoutLine: {'line': b'-- Installing: /home/robot/jm_ws/install/pick_place_interfaces/lib/libpick_place_interfaces__rosidl_typesupport_introspection_cpp.so\n'}
[2.163665] (pick_place_interfaces) StdoutLine: {'line': b'-- Set runtime path of "/home/robot/jm_ws/install/pick_place_interfaces/lib/libpick_place_interfaces__rosidl_typesupport_introspection_cpp.so" to ""\n'}
[2.163700] (pick_place_interfaces) StdoutLine: {'line': b'-- Installing: /home/robot/jm_ws/install/pick_place_interfaces/lib/libpick_place_interfaces__rosidl_typesupport_cpp.so\n'}
[2.163787] (pick_place_interfaces) StdoutLine: {'line': b'-- Set runtime path of "/home/robot/jm_ws/install/pick_place_interfaces/lib/libpick_place_interfaces__rosidl_typesupport_cpp.so" to ""\n'}
[2.163832] (pick_place_interfaces) StdoutLine: {'line': b'-- Installing: /home/robot/jm_ws/install/pick_place_interfaces/share/pick_place_interfaces/environment/pythonpath.sh\n'}
[2.163850] (pick_place_interfaces) StdoutLine: {'line': b'-- Installing: /home/robot/jm_ws/install/pick_place_interfaces/share/pick_place_interfaces/environment/pythonpath.dsv\n'}
[2.163887] (pick_place_interfaces) StdoutLine: {'line': b'-- Installing: /home/robot/jm_ws/install/pick_place_interfaces/local/lib/python3.10/dist-packages/pick_place_interfaces-0.1.0-py3.10.egg-info\n'}
[2.163921] (pick_place_interfaces) StdoutLine: {'line': b'-- Installing: /home/robot/jm_ws/install/pick_place_interfaces/local/lib/python3.10/dist-packages/pick_place_interfaces-0.1.0-py3.10.egg-info/PKG-INFO\n'}
[2.163957] (pick_place_interfaces) StdoutLine: {'line': b'-- Installing: /home/robot/jm_ws/install/pick_place_interfaces/local/lib/python3.10/dist-packages/pick_place_interfaces-0.1.0-py3.10.egg-info/top_level.txt\n'}
[2.163989] (pick_place_interfaces) StdoutLine: {'line': b'-- Installing: /home/robot/jm_ws/install/pick_place_interfaces/local/lib/python3.10/dist-packages/pick_place_interfaces-0.1.0-py3.10.egg-info/SOURCES.txt\n'}
[2.164004] (pick_place_interfaces) StdoutLine: {'line': b'-- Installing: /home/robot/jm_ws/install/pick_place_interfaces/local/lib/python3.10/dist-packages/pick_place_interfaces-0.1.0-py3.10.egg-info/dependency_links.txt\n'}
[2.164040] (pick_place_interfaces) StdoutLine: {'line': b'-- Installing: /home/robot/jm_ws/install/pick_place_interfaces/local/lib/python3.10/dist-packages/pick_place_interfaces\n'}
[2.164056] (pick_place_interfaces) StdoutLine: {'line': b'-- Installing: /home/robot/jm_ws/install/pick_place_interfaces/local/lib/python3.10/dist-packages/pick_place_interfaces/libpick_place_interfaces__rosidl_generator_py.so\n'}
[2.164087] (pick_place_interfaces) StdoutLine: {'line': b'-- Installing: /home/robot/jm_ws/install/pick_place_interfaces/local/lib/python3.10/dist-packages/pick_place_interfaces/pick_place_interfaces_s__rosidl_typesupport_c.cpython-310-x86_64-linux-gnu.so\n'}
[2.164120] (pick_place_interfaces) StdoutLine: {'line': b'-- Installing: /home/robot/jm_ws/install/pick_place_interfaces/local/lib/python3.10/dist-packages/pick_place_interfaces/srv\n'}
[2.164164] (pick_place_interfaces) StdoutLine: {'line': b'-- Installing: /home/robot/jm_ws/install/pick_place_interfaces/local/lib/python3.10/dist-packages/pick_place_interfaces/srv/_get_pick_pose_s.c\n'}
[2.164181] (pick_place_interfaces) StdoutLine: {'line': b'-- Installing: /home/robot/jm_ws/install/pick_place_interfaces/local/lib/python3.10/dist-packages/pick_place_interfaces/srv/_get_pick_pose.py\n'}
[2.164216] (pick_place_interfaces) StdoutLine: {'line': b'-- Installing: /home/robot/jm_ws/install/pick_place_interfaces/local/lib/python3.10/dist-packages/pick_place_interfaces/srv/_pick_place_task.py\n'}
[2.164233] (pick_place_interfaces) StdoutLine: {'line': b'-- Installing: /home/robot/jm_ws/install/pick_place_interfaces/local/lib/python3.10/dist-packages/pick_place_interfaces/srv/_validate_object.py\n'}
[2.164271] (pick_place_interfaces) StdoutLine: {'line': b'-- Installing: /home/robot/jm_ws/install/pick_place_interfaces/local/lib/python3.10/dist-packages/pick_place_interfaces/srv/_pick_place_task_s.c\n'}
[2.164289] (pick_place_interfaces) StdoutLine: {'line': b'-- Installing: /home/robot/jm_ws/install/pick_place_interfaces/local/lib/python3.10/dist-packages/pick_place_interfaces/srv/__init__.py\n'}
[2.164333] (pick_place_interfaces) StdoutLine: {'line': b'-- Installing: /home/robot/jm_ws/install/pick_place_interfaces/local/lib/python3.10/dist-packages/pick_place_interfaces/srv/_validate_object_s.c\n'}
[2.164349] (pick_place_interfaces) StdoutLine: {'line': b'-- Installing: /home/robot/jm_ws/install/pick_place_interfaces/local/lib/python3.10/dist-packages/pick_place_interfaces/msg\n'}
[2.164386] (pick_place_interfaces) StdoutLine: {'line': b'-- Installing: /home/robot/jm_ws/install/pick_place_interfaces/local/lib/python3.10/dist-packages/pick_place_interfaces/msg/_object_pose.py\n'}
[2.164404] (pick_place_interfaces) StdoutLine: {'line': b'-- Installing: /home/robot/jm_ws/install/pick_place_interfaces/local/lib/python3.10/dist-packages/pick_place_interfaces/msg/__init__.py\n'}
[2.164421] (pick_place_interfaces) StdoutLine: {'line': b'-- Installing: /home/robot/jm_ws/install/pick_place_interfaces/local/lib/python3.10/dist-packages/pick_place_interfaces/msg/_object_pose_s.c\n'}
[2.164456] (pick_place_interfaces) StdoutLine: {'line': b'-- Installing: /home/robot/jm_ws/install/pick_place_interfaces/local/lib/python3.10/dist-packages/pick_place_interfaces/_pick_place_interfaces_s.ep.rosidl_typesupport_c.c\n'}
[2.164473] (pick_place_interfaces) StdoutLine: {'line': b'-- Installing: /home/robot/jm_ws/install/pick_place_interfaces/local/lib/python3.10/dist-packages/pick_place_interfaces/pick_place_interfaces_s__rosidl_typesupport_introspection_c.cpython-310-x86_64-linux-gnu.so\n'}
[2.164507] (pick_place_interfaces) StdoutLine: {'line': b'-- Installing: /home/robot/jm_ws/install/pick_place_interfaces/local/lib/python3.10/dist-packages/pick_place_interfaces/pick_place_interfaces_s__rosidl_typesupport_fastrtps_c.cpython-310-x86_64-linux-gnu.so\n'}
[2.164547] (pick_place_interfaces) StdoutLine: {'line': b'-- Installing: /home/robot/jm_ws/install/pick_place_interfaces/local/lib/python3.10/dist-packages/pick_place_interfaces/_pick_place_interfaces_s.ep.rosidl_typesupport_introspection_c.c\n'}
[2.164585] (pick_place_interfaces) StdoutLine: {'line': b'-- Installing: /home/robot/jm_ws/install/pick_place_interfaces/local/lib/python3.10/dist-packages/pick_place_interfaces/__init__.py\n'}
[2.164604] (pick_place_interfaces) StdoutLine: {'line': b'-- Installing: /home/robot/jm_ws/install/pick_place_interfaces/local/lib/python3.10/dist-packages/pick_place_interfaces/_pick_place_interfaces_s.ep.rosidl_typesupport_fastrtps_c.c\n'}
[2.185844] (pick_place_interfaces) StdoutLine: {'line': b"Listing '/home/robot/jm_ws/install/pick_place_interfaces/local/lib/python3.10/dist-packages/pick_place_interfaces'...\n"}
[2.185980] (pick_place_interfaces) StdoutLine: {'line': b"Compiling '/home/robot/jm_ws/install/pick_place_interfaces/local/lib/python3.10/dist-packages/pick_place_interfaces/__init__.py'...\n"}
[2.186005] (pick_place_interfaces) StdoutLine: {'line': b"Listing '/home/robot/jm_ws/install/pick_place_interfaces/local/lib/python3.10/dist-packages/pick_place_interfaces/msg'...\n"}
[2.186024] (pick_place_interfaces) StdoutLine: {'line': b"Compiling '/home/robot/jm_ws/install/pick_place_interfaces/local/lib/python3.10/dist-packages/pick_place_interfaces/msg/__init__.py'...\n"}
[2.186042] (pick_place_interfaces) StdoutLine: {'line': b"Compiling '/home/robot/jm_ws/install/pick_place_interfaces/local/lib/python3.10/dist-packages/pick_place_interfaces/msg/_object_pose.py'...\n"}
[2.186059] (pick_place_interfaces) StdoutLine: {'line': b"Listing '/home/robot/jm_ws/install/pick_place_interfaces/local/lib/python3.10/dist-packages/pick_place_interfaces/srv'...\n"}
[2.186075] (pick_place_interfaces) StdoutLine: {'line': b"Compiling '/home/robot/jm_ws/install/pick_place_interfaces/local/lib/python3.10/dist-packages/pick_place_interfaces/srv/__init__.py'...\n"}
[2.186091] (pick_place_interfaces) StdoutLine: {'line': b"Compiling '/home/robot/jm_ws/install/pick_place_interfaces/local/lib/python3.10/dist-packages/pick_place_interfaces/srv/_get_pick_pose.py'...\n"}
[2.186112] (pick_place_interfaces) StdoutLine: {'line': b"Compiling '/home/robot/jm_ws/install/pick_place_interfaces/local/lib/python3.10/dist-packages/pick_place_interfaces/srv/_pick_place_task.py'...\n"}
[2.186127] (pick_place_interfaces) StdoutLine: {'line': b"Compiling '/home/robot/jm_ws/install/pick_place_interfaces/local/lib/python3.10/dist-packages/pick_place_interfaces/srv/_validate_object.py'...\n"}
[2.187694] (pick_place_interfaces) StdoutLine: {'line': b'-- Installing: /home/robot/jm_ws/install/pick_place_interfaces/local/lib/python3.10/dist-packages/pick_place_interfaces/pick_place_interfaces_s__rosidl_typesupport_fastrtps_c.cpython-310-x86_64-linux-gnu.so\n'}
[2.187832] (pick_place_interfaces) StdoutLine: {'line': b'-- Set runtime path of "/home/robot/jm_ws/install/pick_place_interfaces/local/lib/python3.10/dist-packages/pick_place_interfaces/pick_place_interfaces_s__rosidl_typesupport_fastrtps_c.cpython-310-x86_64-linux-gnu.so" to ""\n'}
[2.187886] (pick_place_interfaces) StdoutLine: {'line': b'-- Installing: /home/robot/jm_ws/install/pick_place_interfaces/local/lib/python3.10/dist-packages/pick_place_interfaces/pick_place_interfaces_s__rosidl_typesupport_introspection_c.cpython-310-x86_64-linux-gnu.so\n'}
[2.187908] (pick_place_interfaces) StdoutLine: {'line': b'-- Set runtime path of "/home/robot/jm_ws/install/pick_place_interfaces/local/lib/python3.10/dist-packages/pick_place_interfaces/pick_place_interfaces_s__rosidl_typesupport_introspection_c.cpython-310-x86_64-linux-gnu.so" to ""\n'}
[2.187960] (pick_place_interfaces) StdoutLine: {'line': b'-- Installing: /home/robot/jm_ws/install/pick_place_interfaces/local/lib/python3.10/dist-packages/pick_place_interfaces/pick_place_interfaces_s__rosidl_typesupport_c.cpython-310-x86_64-linux-gnu.so\n'}
[2.188166] (pick_place_interfaces) StdoutLine: {'line': b'-- Set runtime path of "/home/robot/jm_ws/install/pick_place_interfaces/local/lib/python3.10/dist-packages/pick_place_interfaces/pick_place_interfaces_s__rosidl_typesupport_c.cpython-310-x86_64-linux-gnu.so" to ""\n'}
[2.188219] (pick_place_interfaces) StdoutLine: {'line': b'-- Installing: /home/robot/jm_ws/install/pick_place_interfaces/lib/libpick_place_interfaces__rosidl_generator_py.so\n'}
[2.188796] (pick_place_interfaces) StdoutLine: {'line': b'-- Set runtime path of "/home/robot/jm_ws/install/pick_place_interfaces/lib/libpick_place_interfaces__rosidl_generator_py.so" to ""\n'}
[2.188849] (pick_place_interfaces) StdoutLine: {'line': b'-- Installing: /home/robot/jm_ws/install/pick_place_interfaces/share/pick_place_interfaces/msg/ObjectPose.idl\n'}
[2.188885] (pick_place_interfaces) StdoutLine: {'line': b'-- Installing: /home/robot/jm_ws/install/pick_place_interfaces/share/pick_place_interfaces/srv/PickPlaceTask.idl\n'}
[2.188921] (pick_place_interfaces) StdoutLine: {'line': b'-- Installing: /home/robot/jm_ws/install/pick_place_interfaces/share/pick_place_interfaces/srv/GetPickPose.idl\n'}
[2.188959] (pick_place_interfaces) StdoutLine: {'line': b'-- Installing: /home/robot/jm_ws/install/pick_place_interfaces/share/pick_place_interfaces/srv/ValidateObject.idl\n'}
[2.189020] (pick_place_interfaces) StdoutLine: {'line': b'-- Installing: /home/robot/jm_ws/install/pick_place_interfaces/share/pick_place_interfaces/msg/ObjectPose.msg\n'}
[2.189058] (pick_place_interfaces) StdoutLine: {'line': b'-- Installing: /home/robot/jm_ws/install/pick_place_interfaces/share/pick_place_interfaces/srv/PickPlaceTask.srv\n'}
[2.189078] (pick_place_interfaces) StdoutLine: {'line': b'-- Installing: /home/robot/jm_ws/install/pick_place_interfaces/share/pick_place_interfaces/srv/PickPlaceTask_Request.msg\n'}
[2.189128] (pick_place_interfaces) StdoutLine: {'line': b'-- Installing: /home/robot/jm_ws/install/pick_place_interfaces/share/pick_place_interfaces/srv/PickPlaceTask_Response.msg\n'}
[2.189144] (pick_place_interfaces) StdoutLine: {'line': b'-- Installing: /home/robot/jm_ws/install/pick_place_interfaces/share/pick_place_interfaces/srv/GetPickPose.srv\n'}
[2.189191] (pick_place_interfaces) StdoutLine: {'line': b'-- Installing: /home/robot/jm_ws/install/pick_place_interfaces/share/pick_place_interfaces/srv/GetPickPose_Request.msg\n'}
[2.189209] (pick_place_interfaces) StdoutLine: {'line': b'-- Installing: /home/robot/jm_ws/install/pick_place_interfaces/share/pick_place_interfaces/srv/GetPickPose_Response.msg\n'}
[2.189226] (pick_place_interfaces) StdoutLine: {'line': b'-- Installing: /home/robot/jm_ws/install/pick_place_interfaces/share/pick_place_interfaces/srv/ValidateObject.srv\n'}
[2.189262] (pick_place_interfaces) StdoutLine: {'line': b'-- Installing: /home/robot/jm_ws/install/pick_place_interfaces/share/pick_place_interfaces/srv/ValidateObject_Request.msg\n'}
[2.189279] (pick_place_interfaces) StdoutLine: {'line': b'-- Installing: /home/robot/jm_ws/install/pick_place_interfaces/share/pick_place_interfaces/srv/ValidateObject_Response.msg\n'}
[2.189314] (pick_place_interfaces) StdoutLine: {'line': b'-- Installing: /home/robot/jm_ws/install/pick_place_interfaces/share/ament_index/resource_index/package_run_dependencies/pick_place_interfaces\n'}
[2.189349] (pick_place_interfaces) StdoutLine: {'line': b'-- Installing: /home/robot/jm_ws/install/pick_place_interfaces/share/ament_index/resource_index/parent_prefix_path/pick_place_interfaces\n'}
[2.189383] (pick_place_interfaces) StdoutLine: {'line': b'-- Installing: /home/robot/jm_ws/install/pick_place_interfaces/share/pick_place_interfaces/environment/ament_prefix_path.sh\n'}
[2.189416] (pick_place_interfaces) StdoutLine: {'line': b'-- Installing: /home/robot/jm_ws/install/pick_place_interfaces/share/pick_place_interfaces/environment/ament_prefix_path.dsv\n'}
[2.189450] (pick_place_interfaces) StdoutLine: {'line': b'-- Installing: /home/robot/jm_ws/install/pick_place_interfaces/share/pick_place_interfaces/environment/path.sh\n'}
[2.189485] (pick_place_interfaces) StdoutLine: {'line': b'-- Installing: /home/robot/jm_ws/install/pick_place_interfaces/share/pick_place_interfaces/environment/path.dsv\n'}
[2.189533] (pick_place_interfaces) StdoutLine: {'line': b'-- Installing: /home/robot/jm_ws/install/pick_place_interfaces/share/pick_place_interfaces/local_setup.bash\n'}
[2.189551] (pick_place_interfaces) StdoutLine: {'line': b'-- Installing: /home/robot/jm_ws/install/pick_place_interfaces/share/pick_place_interfaces/local_setup.sh\n'}
[2.189596] (pick_place_interfaces) StdoutLine: {'line': b'-- Installing: /home/robot/jm_ws/install/pick_place_interfaces/share/pick_place_interfaces/local_setup.zsh\n'}
[2.189613] (pick_place_interfaces) StdoutLine: {'line': b'-- Installing: /home/robot/jm_ws/install/pick_place_interfaces/share/pick_place_interfaces/local_setup.dsv\n'}
[2.189647] (pick_place_interfaces) StdoutLine: {'line': b'-- Installing: /home/robot/jm_ws/install/pick_place_interfaces/share/pick_place_interfaces/package.dsv\n'}
[2.189679] (pick_place_interfaces) StdoutLine: {'line': b'-- Installing: /home/robot/jm_ws/install/pick_place_interfaces/share/ament_index/resource_index/packages/pick_place_interfaces\n'}
[2.189712] (pick_place_interfaces) StdoutLine: {'line': b'-- Installing: /home/robot/jm_ws/install/pick_place_interfaces/share/pick_place_interfaces/cmake/export_pick_place_interfaces__rosidl_generator_cExport.cmake\n'}
[2.189751] (pick_place_interfaces) StdoutLine: {'line': b'-- Installing: /home/robot/jm_ws/install/pick_place_interfaces/share/pick_place_interfaces/cmake/export_pick_place_interfaces__rosidl_generator_cExport-noconfig.cmake\n'}
[2.189788] (pick_place_interfaces) StdoutLine: {'line': b'-- Installing: /home/robot/jm_ws/install/pick_place_interfaces/share/pick_place_interfaces/cmake/export_pick_place_interfaces__rosidl_typesupport_fastrtps_cExport.cmake\n'}
[2.189824] (pick_place_interfaces) StdoutLine: {'line': b'-- Installing: /home/robot/jm_ws/install/pick_place_interfaces/share/pick_place_interfaces/cmake/export_pick_place_interfaces__rosidl_typesupport_fastrtps_cExport-noconfig.cmake\n'}
[2.189861] (pick_place_interfaces) StdoutLine: {'line': b'-- Installing: /home/robot/jm_ws/install/pick_place_interfaces/share/pick_place_interfaces/cmake/pick_place_interfaces__rosidl_typesupport_introspection_cExport.cmake\n'}
[2.189897] (pick_place_interfaces) StdoutLine: {'line': b'-- Installing: /home/robot/jm_ws/install/pick_place_interfaces/share/pick_place_interfaces/cmake/pick_place_interfaces__rosidl_typesupport_introspection_cExport-noconfig.cmake\n'}
[2.189929] (pick_place_interfaces) StdoutLine: {'line': b'-- Installing: /home/robot/jm_ws/install/pick_place_interfaces/share/pick_place_interfaces/cmake/pick_place_interfaces__rosidl_typesupport_cExport.cmake\n'}
[2.189961] (pick_place_interfaces) StdoutLine: {'line': b'-- Installing: /home/robot/jm_ws/install/pick_place_interfaces/share/pick_place_interfaces/cmake/pick_place_interfaces__rosidl_typesupport_cExport-noconfig.cmake\n'}
[2.189997] (pick_place_interfaces) StdoutLine: {'line': b'-- Installing: /home/robot/jm_ws/install/pick_place_interfaces/share/pick_place_interfaces/cmake/export_pick_place_interfaces__rosidl_generator_cppExport.cmake\n'}
[2.190033] (pick_place_interfaces) StdoutLine: {'line': b'-- Installing: /home/robot/jm_ws/install/pick_place_interfaces/share/pick_place_interfaces/cmake/export_pick_place_interfaces__rosidl_typesupport_fastrtps_cppExport.cmake\n'}
[2.190066] (pick_place_interfaces) StdoutLine: {'line': b'-- Installing: /home/robot/jm_ws/install/pick_place_interfaces/share/pick_place_interfaces/cmake/export_pick_place_interfaces__rosidl_typesupport_fastrtps_cppExport-noconfig.cmake\n'}
[2.190101] (pick_place_interfaces) StdoutLine: {'line': b'-- Installing: /home/robot/jm_ws/install/pick_place_interfaces/share/pick_place_interfaces/cmake/pick_place_interfaces__rosidl_typesupport_introspection_cppExport.cmake\n'}
[2.190136] (pick_place_interfaces) StdoutLine: {'line': b'-- Installing: /home/robot/jm_ws/install/pick_place_interfaces/share/pick_place_interfaces/cmake/pick_place_interfaces__rosidl_typesupport_introspection_cppExport-noconfig.cmake\n'}
[2.190170] (pick_place_interfaces) StdoutLine: {'line': b'-- Installing: /home/robot/jm_ws/install/pick_place_interfaces/share/pick_place_interfaces/cmake/pick_place_interfaces__rosidl_typesupport_cppExport.cmake\n'}
[2.190202] (pick_place_interfaces) StdoutLine: {'line': b'-- Installing: /home/robot/jm_ws/install/pick_place_interfaces/share/pick_place_interfaces/cmake/pick_place_interfaces__rosidl_typesupport_cppExport-noconfig.cmake\n'}
[2.190242] (pick_place_interfaces) StdoutLine: {'line': b'-- Installing: /home/robot/jm_ws/install/pick_place_interfaces/share/pick_place_interfaces/cmake/export_pick_place_interfaces__rosidl_generator_pyExport.cmake\n'}
[2.190275] (pick_place_interfaces) StdoutLine: {'line': b'-- Installing: /home/robot/jm_ws/install/pick_place_interfaces/share/pick_place_interfaces/cmake/export_pick_place_interfaces__rosidl_generator_pyExport-noconfig.cmake\n'}
[2.190308] (pick_place_interfaces) StdoutLine: {'line': b'-- Installing: /home/robot/jm_ws/install/pick_place_interfaces/share/pick_place_interfaces/cmake/rosidl_cmake-extras.cmake\n'}
[2.190343] (pick_place_interfaces) StdoutLine: {'line': b'-- Installing: /home/robot/jm_ws/install/pick_place_interfaces/share/pick_place_interfaces/cmake/ament_cmake_export_include_directories-extras.cmake\n'}
[2.190378] (pick_place_interfaces) StdoutLine: {'line': b'-- Installing: /home/robot/jm_ws/install/pick_place_interfaces/share/pick_place_interfaces/cmake/ament_cmake_export_libraries-extras.cmake\n'}
[2.190410] (pick_place_interfaces) StdoutLine: {'line': b'-- Installing: /home/robot/jm_ws/install/pick_place_interfaces/share/pick_place_interfaces/cmake/ament_cmake_export_targets-extras.cmake\n'}
[2.190445] (pick_place_interfaces) StdoutLine: {'line': b'-- Installing: /home/robot/jm_ws/install/pick_place_interfaces/share/pick_place_interfaces/cmake/rosidl_cmake_export_typesupport_targets-extras.cmake\n'}
[2.190481] (pick_place_interfaces) StdoutLine: {'line': b'-- Installing: /home/robot/jm_ws/install/pick_place_interfaces/share/pick_place_interfaces/cmake/ament_cmake_export_dependencies-extras.cmake\n'}
[2.190515] (pick_place_interfaces) StdoutLine: {'line': b'-- Installing: /home/robot/jm_ws/install/pick_place_interfaces/share/pick_place_interfaces/cmake/rosidl_cmake_export_typesupport_libraries-extras.cmake\n'}
[2.190550] (pick_place_interfaces) StdoutLine: {'line': b'-- Installing: /home/robot/jm_ws/install/pick_place_interfaces/share/pick_place_interfaces/cmake/pick_place_interfacesConfig.cmake\n'}
[2.190593] (pick_place_interfaces) StdoutLine: {'line': b'-- Installing: /home/robot/jm_ws/install/pick_place_interfaces/share/pick_place_interfaces/cmake/pick_place_interfacesConfig-version.cmake\n'}
[2.190610] (pick_place_interfaces) StdoutLine: {'line': b'-- Installing: /home/robot/jm_ws/install/pick_place_interfaces/share/pick_place_interfaces/package.xml\n'}
[2.191802] (pick_place_interfaces) CommandEnded: {'returncode': 0}
[2.201169] (pick_place_interfaces) JobEnded: {'identifier': 'pick_place_interfaces', 'rc': 0}
[2.202692] (pick_place_orchestration) JobStarted: {'identifier': 'pick_place_orchestration'}
[2.205322] (-) TimerEvent: {}
[2.305499] (-) TimerEvent: {}
[2.405658] (-) TimerEvent: {}
[2.486991] (pick_place_orchestration) Command: {'cmd': ['/usr/bin/python3', '-W', 'ignore:setup.py install is deprecated', '-W', 'ignore:easy_install command is deprecated', 'setup.py', 'egg_info', '--egg-base', '../../build/pick_place_orchestration', 'build', '--build-base', '/home/robot/jm_ws/build/pick_place_orchestration/build', 'install', '--record', '/home/robot/jm_ws/build/pick_place_orchestration/install.log', '--single-version-externally-managed', 'install_data'], 'cwd': '/home/robot/jm_ws/src/pick_place_orchestration', 'env': {'GZ_SIM_SYSTEM_PLUGIN_PATH': '/home/robot/ros2_ws/install/dsr_description2/lib', 'RCUTILS_LOGGING_BUFFERED_STREAM': '1', 'PYTHON_BASIC_REPL': '1', 'LESSOPEN': '| /usr/bin/lesspipe %s', 'TMUX': '/tmp/tmux-1000/default,124773,4', 'GZ_SIM_RESOURCE_PATH': '/home/robot/ros2_ws/install/dsr_description2/share/:/home/robot/ros2_ws/install/dsr_description2/share/dsr_description2/', 'LANGUAGE': 'ko:en', 'USER': 'robot', 'SSH_CLIENT': '192.168.50.242 62032 22', 'CLAUDE_CODE_ENTRYPOINT': 'cli', 'LC_TIME': 'ko_KR.UTF-8', 'GIT_EDITOR': 'true', 'XDG_SESSION_TYPE': 'tty', 'GIT_ASKPASS': '/home/robot/.vscode-server/cli/servers/Stable-2901c5ac6db8a986a5666c3af51ff804d05af0d4/server/extensions/git/dist/askpass.sh', 'SHLVL': '4', 'RCUTILS_CONSOLE_OUTPUT_FORMAT': '[{severity}]: {message}', 'LD_LIBRARY_PATH': '/home/robot/jm_ws/install/pick_place_interfaces/lib:/usr/local/cuda-13.0/lib64:/usr/local/cuda-13.0/lib64:/usr/local/cuda-13.0/lib64:/home/robot/ros2_ws/install/dsr_controller2/lib:/home/robot/ros2_ws/install/dsr_msgs2/lib:/home/robot/ros2_ws/install/dsr_hardware2/lib:/usr/lib/x86_64-linux-gnu/gazebo-11/plugins:/opt/ros/humble/opt/rviz_ogre_vendor/lib:/opt/ros/humble/lib/x86_64-linux-gnu:/opt/ros/humble/lib', 'BROWSER': '/home/robot/.vscode-server/cli/servers/Stable-2901c5ac6db8a986a5666c3af51ff804d05af0d4/server/bin/helpers/browser.sh', 'MOTD_SHOWN': 'pam', 'HOME': '/home/robot', 'CONDA_SHLVL': '0', 'OLDPWD': '/home/robot/.vscode-server', 'TERM_PROGRAM_VERSION': '3.2a', 'VSCODE_IPC_HOOK_CLI': '/run/user/1000/vscode-ipc-9e47b473-f0ff-4ba9-a239-99fdb1a025b3.sock', 'ROS_PYTHON_VERSION': '3', 'VSCODE_GIT_ASKPASS_MAIN': '/home/robot/.vscode-server/cli/servers/Stable-2901c5ac6db8a986a5666c3af51ff804d05af0d4/server/extensions/git/dist/askpass-main.js', 'LC_MONETARY': 'ko_KR.UTF-8', 'VSCODE_GIT_ASKPASS_NODE': '/home/robot/.vscode-server/cli/servers/Stable-2901c5ac6db8a986a5666c3af51ff804d05af0d4/server/node', 'SSL_CERT_FILE': '/usr/lib/ssl/certs/ca-certificates.crt', 'PYDEVD_DISABLE_FILE_VALIDATION': '1', 'BUNDLED_DEBUGPY_PATH': '/home/robot/.vscode-server/extensions/ms-python.debugpy-2025.18.0-linux-x64/bundled/libs/debugpy', 'DBUS_SESSION_BUS_ADDRESS': 'unix:path=/run/user/1000/bus', 'COLORTERM': 'truecolor', '_CE_M': '', '_CONDA_ROOT': '/home/robot/miniconda3', '_colcon_cd_root': '/home/robot/ros2_ws', 'COLCON_PREFIX_PATH': '/home/robot/ros2_ws/install', 'ROS_DISTRO': 'humble', 'LOGNAME': 'robot', '_': '/usr/bin/colcon', 'ROS_VERSION': '2', 'CLAUDE_CODE_SSE_PORT': '39158', 'XDG_SESSION_CLASS': 'user', 'TERM': 'screen', 'XDG_SESSION_ID': '11', 'OTEL_EXPORTER_OTLP_METRICS_TEMPORALITY_PREFERENCE': 'delta', 'GAZEBO_MODEL_PATH': '/home/robot/ros2_ws/install/dsr_description2/share:/home/robot/ros2_ws/install/dsr_description2/share/dsr_description2/', '_CE_CONDA': '', 'ROS_LOCALHOST_ONLY': '0', 'PATH': '/home/robot/.local/bin:/home/robot/.local/bin:/usr/local/cuda-13.0/bin:/home/robot/.local/bin:/usr/local/cuda-13.0/bin:/home/robot/.vscode-server/data/User/globalStorage/github.copilot-chat/debugCommand:/home/robot/.vscode-server/data/User/globalStorage/github.copilot-chat/copilotCli:/home/robot/.vscode-server/cli/servers/Stable-ce099c1ed25d9eb3076c11e4a280f3eb52b4fbeb/server/bin/remote-cli:/home/robot/miniconda3/condabin:/usr/local/cuda-13.0/bin:/opt/ros/humble/bin:/usr/local/sbin:/usr/local/bin:/usr/sbin:/usr/bin:/sbin:/bin:/usr/games:/usr/local/games:/snap/bin', 'PAPERSIZE': 'a4', 'COREPACK_ENABLE_AUTO_PIN': '0', 'LC_ADDRESS': 'ko_KR.UTF-8', 'XDG_RUNTIME_DIR': '/run/user/1000', 'SSL_CERT_DIR': '/usr/lib/ssl/certs', 'VSCODE_DEBUGPY_ADAPTER_ENDPOINTS': '/home/robot/.vscode-server/extensions/ms-python.debugpy-2025.18.0-linux-x64/.noConfigDebugAdapterEndpoints/endpoint-6c2ce8b463b37305.txt', 'NoDefaultCurrentDirectoryInExePath': '1', 'LANG': 'ko_KR.UTF-8', 'PYTHONSTARTUP': '/home/robot/.vscode-server/data/User/workspaceStorage/06acb0dd213da8b7616ee3ed038f2dde-1/ms-python.python/pythonrc.py', 'LC_TELEPHONE': 'ko_KR.UTF-8', 'RMW_IMPLEMENTATION': 'rmw_fastrtps_cpp', 'LS_COLORS': 'rs=0:di=01;34:ln=01;36:mh=00:pi=40;33:so=01;35:do=01;35:bd=40;33;01:cd=40;33;01:or=40;31;01:mi=00:su=37;41:sg=30;43:ca=30;41:tw=30;42:ow=34;42:st=37;44:ex=01;32:*.tar=01;31:*.tgz=01;31:*.arc=01;31:*.arj=01;31:*.taz=01;31:*.lha=01;31:*.lz4=01;31:*.lzh=01;31:*.lzma=01;31:*.tlz=01;31:*.txz=01;31:*.tzo=01;31:*.t7z=01;31:*.zip=01;31:*.z=01;31:*.dz=01;31:*.gz=01;31:*.lrz=01;31:*.lz=01;31:*.lzo=01;31:*.xz=01;31:*.zst=01;31:*.tzst=01;31:*.bz2=01;31:*.bz=01;31:*.tbz=01;31:*.tbz2=01;31:*.tz=01;31:*.deb=01;31:*.rpm=01;31:*.jar=01;31:*.war=01;31:*.ear=01;31:*.sar=01;31:*.rar=01;31:*.alz=01;31:*.ace=01;31:*.zoo=01;31:*.cpio=01;31:*.7z=01;31:*.rz=01;31:*.cab=01;31:*.wim=01;31:*.swm=01;31:*.dwm=01;31:*.esd=01;31:*.jpg=01;35:*.jpeg=01;35:*.mjpg=01;35:*.mjpeg=01;35:*.gif=01;35:*.bmp=01;35:*.pbm=01;35:*.pgm=01;35:*.ppm=01;35:*.tga=01;35:*.xbm=01;35:*.xpm=01;35:*.tif=01;35:*.tiff=01;35:*.png=01;35:*.svg=01;35:*.svgz=01;35:*.mng=01;35:*.pcx=01;35:*.mov=01;35:*.mpg=01;35:*.mpeg=01;35:*.m2v=01;35:*.mkv=01;35:*.webm=01;35:*.webp=01;35:*.ogm=01;35:*.mp4=01;35:*.m4v=01;35:*.mp4v=01;35:*.vob=01;35:*.qt=01;35:*.nuv=01;35:*.wmv=01;35:*.asf=01;35:*.rm=01;35:*.rmvb=01;35:*.flc=01;35:*.avi=01;35:*.fli=01;35:*.flv=01;35:*.gl=01;35:*.dl=01;35:*.xcf=01;35:*.xwd=01;35:*.yuv=01;35:*.cgm=01;35:*.emf=01;35:*.ogv=01;35:*.ogx=01;35:*.aac=00;36:*.au=00;36:*.flac=00;36:*.m4a=00;36:*.mid=00;36:*.midi=00;36:*.mka=00;36:*.mp3=00;36:*.mpc=00;36:*.ogg=00;36:*.ra=00;36:*.wav=00;36:*.oga=00;36:*.opus=00;36:*.spx=00;36:*.xspf=00;36:', 'VSCODE_GIT_IPC_HANDLE': '/run/user/1000/vscode-git-6c04bed6ce.sock', 'TERM_PROGRAM': 'tmux', 'ROS_DOMAIN_ID': '127', 'AMENT_PREFIX_PATH': '/home/robot/jm_ws/install/pick_place_interfaces:/home/robot/ros2_ws/install/dsr_visualservoing:/home/robot/ros2_ws/install/dsr_tests:/home/robot/ros2_ws/install/dsr_realtime_control:/home/robot/ros2_ws/install/dsr_mujoco:/home/robot/ros2_ws/install/dsr_controller2:/home/robot/ros2_ws/install/dsr_bringup2:/home/robot/ros2_ws/install/dsr_msgs2:/home/robot/ros2_ws/install/dsr_moveit_config_p3020:/home/robot/ros2_ws/install/dsr_moveit_config_m1509:/home/robot/ros2_ws/install/dsr_moveit_config_m1013:/home/robot/ros2_ws/install/dsr_moveit_config_m0617:/home/robot/ros2_ws/install/dsr_moveit_config_m0609:/home/robot/ros2_ws/install/dsr_moveit_config_h2515:/home/robot/ros2_ws/install/dsr_moveit_config_h2017:/home/robot/ros2_ws/install/dsr_moveit_config_e0509:/home/robot/ros2_ws/install/dsr_moveit_config_a0912:/home/robot/ros2_ws/install/dsr_moveit_config_a0509:/home/robot/ros2_ws/install/dsr_hardware2:/home/robot/ros2_ws/install/dsr_gazebo2:/home/robot/ros2_ws/install/dsr_example:/home/robot/ros2_ws/install/dsr_description2:/home/robot/ros2_ws/install/dsr_common2:/opt/ros/humble', 'CONDA_PYTHON_EXE': '/home/robot/miniconda3/bin/python', 'SHELL': '/bin/bash', 'IGN_GAZEBO_SYSTEM_PLUGIN_PATH': '/home/robot/ros2_ws/install/dsr_description2/lib', 'LC_NAME': 'ko_KR.UTF-8', 'LESSCLOSE': '/usr/bin/lesspipe %s %s', 'IGN_GAZEBO_RESOURCE_PATH': '/home/robot/ros2_ws/install/dsr_description2/share/:/home/robot/ros2_ws/install/dsr_description2/share/dsr_description2/', 'CLAUDECODE': '1', 'LC_MEASUREMENT': 'ko_KR.UTF-8', '_CONDA_EXE': '/home/robot/miniconda3/bin/conda', 'LC_IDENTIFICATION': 'ko_KR.UTF-8', 'VSCODE_GIT_ASKPASS_EXTRA_ARGS': '', 'RCUTILS_LOGGING_USE_STDOUT': '0', 'PWD': '/home/robot/jm_ws/build/pick_place_orchestration', 'LC_ALL': 'en_US.UTF-8', 'CONDA_EXE': '/home/robot/miniconda3/bin/conda', 'SSH_CONNECTION': '192.168.50.172 65168 192.168.50.125 22', 'RCUTILS_COLORIZED_OUTPUT': '1', 'XDG_DATA_DIRS': '/usr/share/gnome:/usr/local/share:/usr/share:/var/lib/snapd/desktop', 'PYTHONPATH': '/home/robot/jm_ws/build/pick_place_orchestration/prefix_override:/usr/lib/python3/dist-packages/colcon_core/task/python/colcon_distutils_commands:/home/robot/jm_ws/install/pick_place_orchestration/lib/python3.10/site-packages:/home/robot/jm_ws/install/pick_place_interfaces/local/lib/python3.10/dist-packages:/home/robot/ros2_ws/build/dsr_visualservoing:/home/robot/ros2_ws/install/dsr_visualservoing/lib/python3.10/site-packages:/home/robot/ros2_ws/build/dsr_tests:/home/robot/ros2_ws/install/dsr_tests/lib/python3.10/site-packages:/home/robot/ros2_ws/install/dsr_mujoco/local/lib/python3.10/dist-packages:/home/robot/ros2_ws/build/dsr_bringup2:/home/robot/ros2_ws/install/dsr_bringup2/lib/python3.10/site-packages:/home/robot/ros2_ws/install/dsr_msgs2/local/lib/python3.10/dist-packages:/home/robot/ros2_ws/build/dsr_example:/home/robot/ros2_ws/install/dsr_example/lib/python3.10/site-packages:/home/robot/ros2_ws/install/dsr_common2/lib/python3.10/site-packages:/opt/ros/humble/lib/python3.10/site-packages:/opt/ros/humble/local/lib/python3.10/dist-packages', 'LC_NUMERIC': 'ko_KR.UTF-8', 'LC_PAPER': 'ko_KR.UTF-8', 'COLCON': '1', 'TMUX_PANE': '%4', 'CMAKE_PREFIX_PATH': '/home/robot/jm_ws/install/pick_place_interfaces:/home/robot/ros2_ws/install/dsr_realtime_control:/home/robot/ros2_ws/install/dsr_mujoco:/home/robot/ros2_ws/install/dsr_controller2:/home/robot/ros2_ws/install/dsr_msgs2:/home/robot/ros2_ws/install/dsr_moveit_config_p3020:/home/robot/ros2_ws/install/dsr_moveit_config_m1509:/home/robot/ros2_ws/install/dsr_moveit_config_m1013:/home/robot/ros2_ws/install/dsr_moveit_config_m0617:/home/robot/ros2_ws/install/dsr_moveit_config_m0609:/home/robot/ros2_ws/install/dsr_moveit_config_h2515:/home/robot/ros2_ws/install/dsr_moveit_config_h2017:/home/robot/ros2_ws/install/dsr_moveit_config_e0509:/home/robot/ros2_ws/install/dsr_moveit_config_a0912:/home/robot/ros2_ws/install/dsr_moveit_config_a0509:/home/robot/ros2_ws/install/dsr_hardware2:/home/robot/ros2_ws/install/dsr_gazebo2:/home/robot/ros2_ws/install/dsr_description2:/home/robot/ros2_ws/install/dsr_common2'}, 'shell': False}
[2.505726] (-) TimerEvent: {}
[2.589654] (pick_place_orchestration) StdoutLine: {'line': b'running egg_info\n'}
[2.589800] (pick_place_orchestration) StdoutLine: {'line': b'creating ../../build/pick_place_orchestration/pick_place_orchestration.egg-info\n'}
[2.590262] (pick_place_orchestration) StdoutLine: {'line': b'writing ../../build/pick_place_orchestration/pick_place_orchestration.egg-info/PKG-INFO\n'}
[2.590311] (pick_place_orchestration) StdoutLine: {'line': b'writing dependency_links to ../../build/pick_place_orchestration/pick_place_orchestration.egg-info/dependency_links.txt\n'}
[2.590334] (pick_place_orchestration) StdoutLine: {'line': b'writing entry points to ../../build/pick_place_orchestration/pick_place_orchestration.egg-info/entry_points.txt\n'}
[2.590526] (pick_place_orchestration) StdoutLine: {'line': b'writing requirements to ../../build/pick_place_orchestration/pick_place_orchestration.egg-info/requires.txt\n'}
[2.590557] (pick_place_orchestration) StdoutLine: {'line': b'writing top-level names to ../../build/pick_place_orchestration/pick_place_orchestration.egg-info/top_level.txt\n'}
[2.590766] (pick_place_orchestration) StdoutLine: {'line': b"writing manifest file '../../build/pick_place_orchestration/pick_place_orchestration.egg-info/SOURCES.txt'\n"}
[2.591387] (pick_place_orchestration) StdoutLine: {'line': b"reading manifest file '../../build/pick_place_orchestration/pick_place_orchestration.egg-info/SOURCES.txt'\n"}
[2.591534] (pick_place_orchestration) StdoutLine: {'line': b"writing manifest file '../../build/pick_place_orchestration/pick_place_orchestration.egg-info/SOURCES.txt'\n"}
[2.591810] (pick_place_orchestration) StdoutLine: {'line': b'running build\n'}
[2.591829] (pick_place_orchestration) StdoutLine: {'line': b'running build_py\n'}
[2.591845] (pick_place_orchestration) StdoutLine: {'line': b'creating /home/robot/jm_ws/build/pick_place_orchestration/build\n'}
[2.591861] (pick_place_orchestration) StdoutLine: {'line': b'creating /home/robot/jm_ws/build/pick_place_orchestration/build/lib\n'}
[2.591876] (pick_place_orchestration) StdoutLine: {'line': b'creating /home/robot/jm_ws/build/pick_place_orchestration/build/lib/pick_place_orchestration\n'}
[2.591890] (pick_place_orchestration) StdoutLine: {'line': b'copying pick_place_orchestration/orchestration_node.py -> /home/robot/jm_ws/build/pick_place_orchestration/build/lib/pick_place_orchestration\n'}
[2.592032] (pick_place_orchestration) StdoutLine: {'line': b'copying pick_place_orchestration/sam3_node.py -> /home/robot/jm_ws/build/pick_place_orchestration/build/lib/pick_place_orchestration\n'}
[2.592049] (pick_place_orchestration) StdoutLine: {'line': b'copying pick_place_orchestration/__init__.py -> /home/robot/jm_ws/build/pick_place_orchestration/build/lib/pick_place_orchestration\n'}
[2.592064] (pick_place_orchestration) StdoutLine: {'line': b'running install\n'}
[2.592131] (pick_place_orchestration) StdoutLine: {'line': b'running install_lib\n'}
[2.592392] (pick_place_orchestration) StdoutLine: {'line': b'creating /home/robot/jm_ws/install/pick_place_orchestration/lib/python3.10/site-packages/pick_place_orchestration\n'}
[2.592430] (pick_place_orchestration) StdoutLine: {'line': b'copying /home/robot/jm_ws/build/pick_place_orchestration/build/lib/pick_place_orchestration/orchestration_node.py -> /home/robot/jm_ws/install/pick_place_orchestration/lib/python3.10/site-packages/pick_place_orchestration\n'}
[2.592487] (pick_place_orchestration) StdoutLine: {'line': b'copying /home/robot/jm_ws/build/pick_place_orchestration/build/lib/pick_place_orchestration/sam3_node.py -> /home/robot/jm_ws/install/pick_place_orchestration/lib/python3.10/site-packages/pick_place_orchestration\n'}
[2.592505] (pick_place_orchestration) StdoutLine: {'line': b'copying /home/robot/jm_ws/build/pick_place_orchestration/build/lib/pick_place_orchestration/__init__.py -> /home/robot/jm_ws/install/pick_place_orchestration/lib/python3.10/site-packages/pick_place_orchestration\n'}
[2.592693] (pick_place_orchestration) StdoutLine: {'line': b'byte-compiling /home/robot/jm_ws/install/pick_place_orchestration/lib/python3.10/site-packages/pick_place_orchestration/orchestration_node.py to orchestration_node.cpython-310.pyc\n'}
[2.593500] (pick_place_orchestration) StdoutLine: {'line': b'byte-compiling /home/robot/jm_ws/install/pick_place_orchestration/lib/python3.10/site-packages/pick_place_orchestration/sam3_node.py to sam3_node.cpython-310.pyc\n'}
[2.594186] (pick_place_orchestration) StdoutLine: {'line': b'byte-compiling /home/robot/jm_ws/install/pick_place_orchestration/lib/python3.10/site-packages/pick_place_orchestration/__init__.py to __init__.cpython-310.pyc\n'}
[2.594246] (pick_place_orchestration) StdoutLine: {'line': b'running install_data\n'}
[2.594270] (pick_place_orchestration) StdoutLine: {'line': b'creating /home/robot/jm_ws/install/pick_place_orchestration/share/ament_index\n'}
[2.594289] (pick_place_orchestration) StdoutLine: {'line': b'creating /home/robot/jm_ws/install/pick_place_orchestration/share/ament_index/resource_index\n'}
[2.594306] (pick_place_orchestration) StdoutLine: {'line': b'creating /home/robot/jm_ws/install/pick_place_orchestration/share/ament_index/resource_index/packages\n'}
[2.594321] (pick_place_orchestration) StdoutLine: {'line': b'copying resource/pick_place_orchestration -> /home/robot/jm_ws/install/pick_place_orchestration/share/ament_index/resource_index/packages\n'}
[2.594336] (pick_place_orchestration) StdoutLine: {'line': b'copying package.xml -> /home/robot/jm_ws/install/pick_place_orchestration/share/pick_place_orchestration\n'}
[2.594350] (pick_place_orchestration) StdoutLine: {'line': b'creating /home/robot/jm_ws/install/pick_place_orchestration/share/pick_place_orchestration/launch\n'}
[2.594364] (pick_place_orchestration) StdoutLine: {'line': b'copying launch/orchestration.launch.py -> /home/robot/jm_ws/install/pick_place_orchestration/share/pick_place_orchestration/launch\n'}
[2.594378] (pick_place_orchestration) StdoutLine: {'line': b'creating /home/robot/jm_ws/install/pick_place_orchestration/share/pick_place_orchestration/config\n'}
[2.594392] (pick_place_orchestration) StdoutLine: {'line': b'copying config/waypoints.yaml -> /home/robot/jm_ws/install/pick_place_orchestration/share/pick_place_orchestration/config\n'}
[2.594407] (pick_place_orchestration) StdoutLine: {'line': b'running install_egg_info\n'}
[2.595177] (pick_place_orchestration) StdoutLine: {'line': b'Copying ../../build/pick_place_orchestration/pick_place_orchestration.egg-info to /home/robot/jm_ws/install/pick_place_orchestration/lib/python3.10/site-packages/pick_place_orchestration-0.1.0-py3.10.egg-info\n'}
[2.595261] (pick_place_orchestration) StdoutLine: {'line': b'running install_scripts\n'}
[2.604573] (pick_place_orchestration) StdoutLine: {'line': b'Installing orchestration_node script to /home/robot/jm_ws/install/pick_place_orchestration/lib/pick_place_orchestration\n'}
[2.604636] (pick_place_orchestration) StdoutLine: {'line': b'Installing sam3_node script to /home/robot/jm_ws/install/pick_place_orchestration/lib/pick_place_orchestration\n'}
[2.604893] (pick_place_orchestration) StdoutLine: {'line': b"writing list of installed files to '/home/robot/jm_ws/build/pick_place_orchestration/install.log'\n"}
[2.605788] (-) TimerEvent: {}
[2.615239] (pick_place_orchestration) CommandEnded: {'returncode': 0}
[2.617771] (pick_place_orchestration) JobEnded: {'identifier': 'pick_place_orchestration', 'rc': 0}
[2.617911] (-) EventReactorShutdown: {}
