[0.047s] DEBUG:colcon:Command line arguments: ['/usr/bin/colcon', 'build', '--packages-select', 'pick_place_interfaces', 'pick_place_orchestration']
[0.047s] DEBUG:colcon:Parsed command line arguments: Namespace(log_base=None, log_level=None, verb_name='build', build_base='build', install_base='install', merge_install=False, symlink_install=False, test_result_base=None, continue_on_error=False, executor='parallel', parallel_workers=24, event_handlers=None, ignore_user_meta=False, metas=['./colcon.meta'], base_paths=['.'], packages_ignore=None, packages_ignore_regex=None, paths=None, packages_up_to=None, packages_up_to_regex=None, packages_above=None, packages_above_and_dependencies=None, packages_above_depth=None, packages_select_by_dep=None, packages_skip_by_dep=None, packages_skip_up_to=None, packages_select_build_failed=False, packages_skip_build_finished=False, packages_select_test_failures=False, packages_skip_test_passed=False, packages_select=['pick_place_interfaces', 'pick_place_orchestration'], packages_skip=None, packages_select_regex=None, packages_skip_regex=None, packages_start=None, packages_end=None, allow_overriding=[], cmake_args=None, cmake_target=None, cmake_target_skip_unavailable=False, cmake_clean_cache=False, cmake_clean_first=False, cmake_force_configure=False, ament_cmake_args=None, catkin_cmake_args=None, catkin_skip_building_tests=False, mixin_files=None, mixin=None, verb_parser=<colcon_mixin.mixin.mixin_argument.MixinArgumentDecorator object at 0x7961d5a79480>, verb_extension=<colcon_core.verb.build.BuildVerb object at 0x7961d5bfe9e0>, main=<bound method BuildVerb.main of <colcon_core.verb.build.BuildVerb object at 0x7961d5bfe9e0>>, mixin_verb=('build',))
[0.116s] Level 1:colcon.colcon_core.package_discovery:discover_packages(colcon_meta) check parameters
[0.116s] Level 1:colcon.colcon_core.package_discovery:discover_packages(recursive) check parameters
[0.116s] Level 1:colcon.colcon_core.package_discovery:discover_packages(ignore) check parameters
[0.116s] Level 1:colcon.colcon_core.package_discovery:discover_packages(path) check parameters
[0.116s] Level 1:colcon.colcon_core.package_discovery:discover_packages(colcon_meta) discover
[0.116s] Level 1:colcon.colcon_core.package_discovery:discover_packages(recursive) discover
[0.116s] INFO:colcon.colcon_core.package_discovery:Crawling recursively for packages in '/home/robot/jm_ws'
[0.116s] Level 1:colcon.colcon_core.package_identification:_identify(.) by extensions ['ignore', 'ignore_ament_install']
[0.116s] Level 1:colcon.colcon_core.package_identification:_identify(.) by extension 'ignore'
[0.116s] Level 1:colcon.colcon_core.package_identification:_identify(.) by extension 'ignore_ament_install'
[0.116s] Level 1:colcon.colcon_core.package_identification:_identify(.) by extensions ['colcon_pkg']
[0.116s] Level 1:colcon.colcon_core.package_identification:_identify(.) by extension 'colcon_pkg'
[0.116s] Level 1:colcon.colcon_core.package_identification:_identify(.) by extensions ['colcon_meta']
[0.116s] Level 1:colcon.colcon_core.package_identification:_identify(.) by extension 'colcon_meta'
[0.116s] Level 1:colcon.colcon_core.package_identification:_identify(.) by extensions ['ros']
[0.116s] Level 1:colcon.colcon_core.package_identification:_identify(.) by extension 'ros'
[0.121s] Level 1:colcon.colcon_core.package_identification:_identify(.) by extensions ['cmake', 'python']
[0.121s] Level 1:colcon.colcon_core.package_identification:_identify(.) by extension 'cmake'
[0.121s] Level 1:colcon.colcon_core.package_identification:_identify(.) by extension 'python'
[0.121s] Level 1:colcon.colcon_core.package_identification:_identify(.) by extensions ['python_setup_py']
[0.121s] Level 1:colcon.colcon_core.package_identification:_identify(.) by extension 'python_setup_py'
[0.121s] Level 1:colcon.colcon_core.package_identification:_identify(__pycache__) by extensions ['ignore', 'ignore_ament_install']
[0.121s] Level 1:colcon.colcon_core.package_identification:_identify(__pycache__) by extension 'ignore'
[0.121s] Level 1:colcon.colcon_core.package_identification:_identify(__pycache__) by extension 'ignore_ament_install'
[0.122s] Level 1:colcon.colcon_core.package_identification:_identify(__pycache__) by extensions ['colcon_pkg']
[0.122s] Level 1:colcon.colcon_core.package_identification:_identify(__pycache__) by extension 'colcon_pkg'
[0.122s] Level 1:colcon.colcon_core.package_identification:_identify(__pycache__) by extensions ['colcon_meta']
[0.122s] Level 1:colcon.colcon_core.package_identification:_identify(__pycache__) by extension 'colcon_meta'
[0.122s] Level 1:colcon.colcon_core.package_identification:_identify(__pycache__) by extensions ['ros']
[0.122s] Level 1:colcon.colcon_core.package_identification:_identify(__pycache__) by extension 'ros'
[0.122s] Level 1:colcon.colcon_core.package_identification:_identify(__pycache__) by extensions ['cmake', 'python']
[0.122s] Level 1:colcon.colcon_core.package_identification:_identify(__pycache__) by extension 'cmake'
[0.122s] Level 1:colcon.colcon_core.package_identification:_identify(__pycache__) by extension 'python'
[0.122s] Level 1:colcon.colcon_core.package_identification:_identify(__pycache__) by extensions ['python_setup_py']
[0.122s] Level 1:colcon.colcon_core.package_identification:_identify(__pycache__) by extension 'python_setup_py'
[0.122s] Level 1:colcon.colcon_core.package_identification:_identify(build) by extensions ['ignore', 'ignore_ament_install']
[0.122s] Level 1:colcon.colcon_core.package_identification:_identify(build) by extension 'ignore'
[0.122s] Level 1:colcon.colcon_core.package_identification:_identify(build) ignored
[0.122s] Level 1:colcon.colcon_core.package_identification:_identify(install) by extensions ['ignore', 'ignore_ament_install']
[0.122s] Level 1:colcon.colcon_core.package_identification:_identify(install) by extension 'ignore'
[0.122s] Level 1:colcon.colcon_core.package_identification:_identify(install) ignored
[0.122s] Level 1:colcon.colcon_core.package_identification:_identify(librealsense) by extensions ['ignore', 'ignore_ament_install']
[0.122s] Level 1:colcon.colcon_core.package_identification:_identify(librealsense) by extension 'ignore'
[0.122s] Level 1:colcon.colcon_core.package_identification:_identify(librealsense) by extension 'ignore_ament_install'
[0.122s] Level 1:colcon.colcon_core.package_identification:_identify(librealsense) by extensions ['colcon_pkg']
[0.122s] Level 1:colcon.colcon_core.package_identification:_identify(librealsense) by extension 'colcon_pkg'
[0.122s] Level 1:colcon.colcon_core.package_identification:_identify(librealsense) by extensions ['colcon_meta']
[0.122s] Level 1:colcon.colcon_core.package_identification:_identify(librealsense) by extension 'colcon_meta'
[0.122s] Level 1:colcon.colcon_core.package_identification:_identify(librealsense) by extensions ['ros']
[0.122s] Level 1:colcon.colcon_core.package_identification:_identify(librealsense) by extension 'ros'
[0.129s] DEBUG:colcon.colcon_core.package_identification:Package 'librealsense' with type 'ros.cmake' and name 'librealsense2'
[0.129s] Level 1:colcon.colcon_core.package_identification:_identify(log) by extensions ['ignore', 'ignore_ament_install']
[0.129s] Level 1:colcon.colcon_core.package_identification:_identify(log) by extension 'ignore'
[0.129s] Level 1:colcon.colcon_core.package_identification:_identify(log) ignored
[0.129s] Level 1:colcon.colcon_core.package_identification:_identify(phy-core) by extensions ['ignore', 'ignore_ament_install']
[0.129s] Level 1:colcon.colcon_core.package_identification:_identify(phy-core) by extension 'ignore'
[0.129s] Level 1:colcon.colcon_core.package_identification:_identify(phy-core) by extension 'ignore_ament_install'
[0.129s] Level 1:colcon.colcon_core.package_identification:_identify(phy-core) by extensions ['colcon_pkg']
[0.129s] Level 1:colcon.colcon_core.package_identification:_identify(phy-core) by extension 'colcon_pkg'
[0.129s] Level 1:colcon.colcon_core.package_identification:_identify(phy-core) by extensions ['colcon_meta']
[0.129s] Level 1:colcon.colcon_core.package_identification:_identify(phy-core) by extension 'colcon_meta'
[0.129s] Level 1:colcon.colcon_core.package_identification:_identify(phy-core) by extensions ['ros']
[0.129s] Level 1:colcon.colcon_core.package_identification:_identify(phy-core) by extension 'ros'
[0.129s] Level 1:colcon.colcon_core.package_identification:_identify(phy-core) by extensions ['cmake', 'python']
[0.129s] Level 1:colcon.colcon_core.package_identification:_identify(phy-core) by extension 'cmake'
[0.129s] Level 1:colcon.colcon_core.package_identification:_identify(phy-core) by extension 'python'
[0.129s] Level 1:colcon.colcon_core.package_identification:_identify(phy-core) by extensions ['python_setup_py']
[0.129s] Level 1:colcon.colcon_core.package_identification:_identify(phy-core) by extension 'python_setup_py'
[0.129s] Level 1:colcon.colcon_core.package_identification:_identify(sam3) by extensions ['ignore', 'ignore_ament_install']
[0.129s] Level 1:colcon.colcon_core.package_identification:_identify(sam3) by extension 'ignore'
[0.129s] Level 1:colcon.colcon_core.package_identification:_identify(sam3) by extension 'ignore_ament_install'
[0.129s] Level 1:colcon.colcon_core.package_identification:_identify(sam3) by extensions ['colcon_pkg']
[0.129s] Level 1:colcon.colcon_core.package_identification:_identify(sam3) by extension 'colcon_pkg'
[0.129s] Level 1:colcon.colcon_core.package_identification:_identify(sam3) by extensions ['colcon_meta']
[0.129s] Level 1:colcon.colcon_core.package_identification:_identify(sam3) by extension 'colcon_meta'
[0.129s] Level 1:colcon.colcon_core.package_identification:_identify(sam3) by extensions ['ros']
[0.129s] Level 1:colcon.colcon_core.package_identification:_identify(sam3) by extension 'ros'
[0.129s] Level 1:colcon.colcon_core.package_identification:_identify(sam3) by extensions ['cmake', 'python']
[0.129s] Level 1:colcon.colcon_core.package_identification:_identify(sam3) by extension 'cmake'
[0.129s] Level 1:colcon.colcon_core.package_identification:_identify(sam3) by extension 'python'
[0.129s] Level 1:colcon.colcon_core.package_identification:_identify(sam3) by extensions ['python_setup_py']
[0.129s] Level 1:colcon.colcon_core.package_identification:_identify(sam3) by extension 'python_setup_py'
[0.129s] Level 1:colcon.colcon_core.package_identification:_identify(sam3/assets) by extensions ['ignore', 'ignore_ament_install']
[0.129s] Level 1:colcon.colcon_core.package_identification:_identify(sam3/assets) by extension 'ignore'
[0.129s] Level 1:colcon.colcon_core.package_identification:_identify(sam3/assets) by extension 'ignore_ament_install'
[0.129s] Level 1:colcon.colcon_core.package_identification:_identify(sam3/assets) by extensions ['colcon_pkg']
[0.129s] Level 1:colcon.colcon_core.package_identification:_identify(sam3/assets) by extension 'colcon_pkg'
[0.129s] Level 1:colcon.colcon_core.package_identification:_identify(sam3/assets) by extensions ['colcon_meta']
[0.129s] Level 1:colcon.colcon_core.package_identification:_identify(sam3/assets) by extension 'colcon_meta'
[0.129s] Level 1:colcon.colcon_core.package_identification:_identify(sam3/assets) by extensions ['ros']
[0.129s] Level 1:colcon.colcon_core.package_identification:_identify(sam3/assets) by extension 'ros'
[0.129s] Level 1:colcon.colcon_core.package_identification:_identify(sam3/assets) by extensions ['cmake', 'python']
[0.129s] Level 1:colcon.colcon_core.package_identification:_identify(sam3/assets) by extension 'cmake'
[0.129s] Level 1:colcon.colcon_core.package_identification:_identify(sam3/assets) by extension 'python'
[0.129s] Level 1:colcon.colcon_core.package_identification:_identify(sam3/assets) by extensions ['python_setup_py']
[0.129s] Level 1:colcon.colcon_core.package_identification:_identify(sam3/assets) by extension 'python_setup_py'
[0.129s] Level 1:colcon.colcon_core.package_identification:_identify(sam3/assets/images) by extensions ['ignore', 'ignore_ament_install']
[0.130s] Level 1:colcon.colcon_core.package_identification:_identify(sam3/assets/images) by extension 'ignore'
[0.130s] Level 1:colcon.colcon_core.package_identification:_identify(sam3/assets/images) by extension 'ignore_ament_install'
[0.130s] Level 1:colcon.colcon_core.package_identification:_identify(sam3/assets/images) by extensions ['colcon_pkg']
[0.130s] Level 1:colcon.colcon_core.package_identification:_identify(sam3/assets/images) by extension 'colcon_pkg'
[0.130s] Level 1:colcon.colcon_core.package_identification:_identify(sam3/assets/images) by extensions ['colcon_meta']
[0.130s] Level 1:colcon.colcon_core.package_identification:_identify(sam3/assets/images) by extension 'colcon_meta'
[0.130s] Level 1:colcon.colcon_core.package_identification:_identify(sam3/assets/images) by extensions ['ros']
[0.130s] Level 1:colcon.colcon_core.package_identification:_identify(sam3/assets/images) by extension 'ros'
[0.130s] Level 1:colcon.colcon_core.package_identification:_identify(sam3/assets/images) by extensions ['cmake', 'python']
[0.130s] Level 1:colcon.colcon_core.package_identification:_identify(sam3/assets/images) by extension 'cmake'
[0.130s] Level 1:colcon.colcon_core.package_identification:_identify(sam3/assets/images) by extension 'python'
[0.130s] Level 1:colcon.colcon_core.package_identification:_identify(sam3/assets/images) by extensions ['python_setup_py']
[0.130s] Level 1:colcon.colcon_core.package_identification:_identify(sam3/assets/images) by extension 'python_setup_py'
[0.130s] Level 1:colcon.colcon_core.package_identification:_identify(sam3/assets/veval) by extensions ['ignore', 'ignore_ament_install']
[0.130s] Level 1:colcon.colcon_core.package_identification:_identify(sam3/assets/veval) by extension 'ignore'
[0.130s] Level 1:colcon.colcon_core.package_identification:_identify(sam3/assets/veval) by extension 'ignore_ament_install'
[0.130s] Level 1:colcon.colcon_core.package_identification:_identify(sam3/assets/veval) by extensions ['colcon_pkg']
[0.130s] Level 1:colcon.colcon_core.package_identification:_identify(sam3/assets/veval) by extension 'colcon_pkg'
[0.130s] Level 1:colcon.colcon_core.package_identification:_identify(sam3/assets/veval) by extensions ['colcon_meta']
[0.130s] Level 1:colcon.colcon_core.package_identification:_identify(sam3/assets/veval) by extension 'colcon_meta'
[0.130s] Level 1:colcon.colcon_core.package_identification:_identify(sam3/assets/veval) by extensions ['ros']
[0.130s] Level 1:colcon.colcon_core.package_identification:_identify(sam3/assets/veval) by extension 'ros'
[0.130s] Level 1:colcon.colcon_core.package_identification:_identify(sam3/assets/veval) by extensions ['cmake', 'python']
[0.130s] Level 1:colcon.colcon_core.package_identification:_identify(sam3/assets/veval) by extension 'cmake'
[0.130s] Level 1:colcon.colcon_core.package_identification:_identify(sam3/assets/veval) by extension 'python'
[0.130s] Level 1:colcon.colcon_core.package_identification:_identify(sam3/assets/veval) by extensions ['python_setup_py']
[0.130s] Level 1:colcon.colcon_core.package_identification:_identify(sam3/assets/veval) by extension 'python_setup_py'
[0.130s] Level 1:colcon.colcon_core.package_identification:_identify(sam3/assets/veval/toy_gt_and_pred) by extensions ['ignore', 'ignore_ament_install']
[0.130s] Level 1:colcon.colcon_core.package_identification:_identify(sam3/assets/veval/toy_gt_and_pred) by extension 'ignore'
[0.130s] Level 1:colcon.colcon_core.package_identification:_identify(sam3/assets/veval/toy_gt_and_pred) by extension 'ignore_ament_install'
[0.130s] Level 1:colcon.colcon_core.package_identification:_identify(sam3/assets/veval/toy_gt_and_pred) by extensions ['colcon_pkg']
[0.130s] Level 1:colcon.colcon_core.package_identification:_identify(sam3/assets/veval/toy_gt_and_pred) by extension 'colcon_pkg'
[0.130s] Level 1:colcon.colcon_core.package_identification:_identify(sam3/assets/veval/toy_gt_and_pred) by extensions ['colcon_meta']
[0.130s] Level 1:colcon.colcon_core.package_identification:_identify(sam3/assets/veval/toy_gt_and_pred) by extension 'colcon_meta'
[0.130s] Level 1:colcon.colcon_core.package_identification:_identify(sam3/assets/veval/toy_gt_and_pred) by extensions ['ros']
[0.130s] Level 1:colcon.colcon_core.package_identification:_identify(sam3/assets/veval/toy_gt_and_pred) by extension 'ros'
[0.130s] Level 1:colcon.colcon_core.package_identification:_identify(sam3/assets/veval/toy_gt_and_pred) by extensions ['cmake', 'python']
[0.130s] Level 1:colcon.colcon_core.package_identification:_identify(sam3/assets/veval/toy_gt_and_pred) by extension 'cmake'
[0.130s] Level 1:colcon.colcon_core.package_identification:_identify(sam3/assets/veval/toy_gt_and_pred) by extension 'python'
[0.130s] Level 1:colcon.colcon_core.package_identification:_identify(sam3/assets/veval/toy_gt_and_pred) by extensions ['python_setup_py']
[0.130s] Level 1:colcon.colcon_core.package_identification:_identify(sam3/assets/veval/toy_gt_and_pred) by extension 'python_setup_py'
[0.130s] Level 1:colcon.colcon_core.package_identification:_identify(sam3/assets/videos) by extensions ['ignore', 'ignore_ament_install']
[0.130s] Level 1:colcon.colcon_core.package_identification:_identify(sam3/assets/videos) by extension 'ignore'
[0.130s] Level 1:colcon.colcon_core.package_identification:_identify(sam3/assets/videos) by extension 'ignore_ament_install'
[0.130s] Level 1:colcon.colcon_core.package_identification:_identify(sam3/assets/videos) by extensions ['colcon_pkg']
[0.130s] Level 1:colcon.colcon_core.package_identification:_identify(sam3/assets/videos) by extension 'colcon_pkg'
[0.130s] Level 1:colcon.colcon_core.package_identification:_identify(sam3/assets/videos) by extensions ['colcon_meta']
[0.130s] Level 1:colcon.colcon_core.package_identification:_identify(sam3/assets/videos) by extension 'colcon_meta'
[0.130s] Level 1:colcon.colcon_core.package_identification:_identify(sam3/assets/videos) by extensions ['ros']
[0.130s] Level 1:colcon.colcon_core.package_identification:_identify(sam3/assets/videos) by extension 'ros'
[0.130s] Level 1:colcon.colcon_core.package_identification:_identify(sam3/assets/videos) by extensions ['cmake', 'python']
[0.130s] Level 1:colcon.colcon_core.package_identification:_identify(sam3/assets/videos) by extension 'cmake'
[0.130s] Level 1:colcon.colcon_core.package_identification:_identify(sam3/assets/videos) by extension 'python'
[0.130s] Level 1:colcon.colcon_core.package_identification:_identify(sam3/assets/videos) by extensions ['python_setup_py']
[0.130s] Level 1:colcon.colcon_core.package_identification:_identify(sam3/assets/videos) by extension 'python_setup_py'
[0.131s] Level 1:colcon.colcon_core.package_identification:_identify(sam3/assets/videos/0001) by extensions ['ignore', 'ignore_ament_install']
[0.131s] Level 1:colcon.colcon_core.package_identification:_identify(sam3/assets/videos/0001) by extension 'ignore'
[0.131s] Level 1:colcon.colcon_core.package_identification:_identify(sam3/assets/videos/0001) by extension 'ignore_ament_install'
[0.131s] Level 1:colcon.colcon_core.package_identification:_identify(sam3/assets/videos/0001) by extensions ['colcon_pkg']
[0.131s] Level 1:colcon.colcon_core.package_identification:_identify(sam3/assets/videos/0001) by extension 'colcon_pkg'
[0.131s] Level 1:colcon.colcon_core.package_identification:_identify(sam3/assets/videos/0001) by extensions ['colcon_meta']
[0.131s] Level 1:colcon.colcon_core.package_identification:_identify(sam3/assets/videos/0001) by extension 'colcon_meta'
[0.131s] Level 1:colcon.colcon_core.package_identification:_identify(sam3/assets/videos/0001) by extensions ['ros']
[0.131s] Level 1:colcon.colcon_core.package_identification:_identify(sam3/assets/videos/0001) by extension 'ros'
[0.131s] Level 1:colcon.colcon_core.package_identification:_identify(sam3/assets/videos/0001) by extensions ['cmake', 'python']
[0.131s] Level 1:colcon.colcon_core.package_identification:_identify(sam3/assets/videos/0001) by extension 'cmake'
[0.131s] Level 1:colcon.colcon_core.package_identification:_identify(sam3/assets/videos/0001) by extension 'python'
[0.131s] Level 1:colcon.colcon_core.package_identification:_identify(sam3/assets/videos/0001) by extensions ['python_setup_py']
[0.131s] Level 1:colcon.colcon_core.package_identification:_identify(sam3/assets/videos/0001) by extension 'python_setup_py'
[0.131s] Level 1:colcon.colcon_core.package_identification:_identify(sam3/examples) by extensions ['ignore', 'ignore_ament_install']
[0.131s] Level 1:colcon.colcon_core.package_identification:_identify(sam3/examples) by extension 'ignore'
[0.131s] Level 1:colcon.colcon_core.package_identification:_identify(sam3/examples) by extension 'ignore_ament_install'
[0.131s] Level 1:colcon.colcon_core.package_identification:_identify(sam3/examples) by extensions ['colcon_pkg']
[0.131s] Level 1:colcon.colcon_core.package_identification:_identify(sam3/examples) by extension 'colcon_pkg'
[0.131s] Level 1:colcon.colcon_core.package_identification:_identify(sam3/examples) by extensions ['colcon_meta']
[0.131s] Level 1:colcon.colcon_core.package_identification:_identify(sam3/examples) by extension 'colcon_meta'
[0.131s] Level 1:colcon.colcon_core.package_identification:_identify(sam3/examples) by extensions ['ros']
[0.131s] Level 1:colcon.colcon_core.package_identification:_identify(sam3/examples) by extension 'ros'
[0.131s] Level 1:colcon.colcon_core.package_identification:_identify(sam3/examples) by extensions ['cmake', 'python']
[0.131s] Level 1:colcon.colcon_core.package_identification:_identify(sam3/examples) by extension 'cmake'
[0.131s] Level 1:colcon.colcon_core.package_identification:_identify(sam3/examples) by extension 'python'
[0.131s] Level 1:colcon.colcon_core.package_identification:_identify(sam3/examples) by extensions ['python_setup_py']
[0.131s] Level 1:colcon.colcon_core.package_identification:_identify(sam3/examples) by extension 'python_setup_py'
[0.131s] Level 1:colcon.colcon_core.package_identification:_identify(sam3/sam3) by extensions ['ignore', 'ignore_ament_install']
[0.131s] Level 1:colcon.colcon_core.package_identification:_identify(sam3/sam3) by extension 'ignore'
[0.131s] Level 1:colcon.colcon_core.package_identification:_identify(sam3/sam3) by extension 'ignore_ament_install'
[0.131s] Level 1:colcon.colcon_core.package_identification:_identify(sam3/sam3) by extensions ['colcon_pkg']
[0.131s] Level 1:colcon.colcon_core.package_identification:_identify(sam3/sam3) by extension 'colcon_pkg'
[0.131s] Level 1:colcon.colcon_core.package_identification:_identify(sam3/sam3) by extensions ['colcon_meta']
[0.131s] Level 1:colcon.colcon_core.package_identification:_identify(sam3/sam3) by extension 'colcon_meta'
[0.131s] Level 1:colcon.colcon_core.package_identification:_identify(sam3/sam3) by extensions ['ros']
[0.131s] Level 1:colcon.colcon_core.package_identification:_identify(sam3/sam3) by extension 'ros'
[0.131s] Level 1:colcon.colcon_core.package_identification:_identify(sam3/sam3) by extensions ['cmake', 'python']
[0.131s] Level 1:colcon.colcon_core.package_identification:_identify(sam3/sam3) by extension 'cmake'
[0.131s] Level 1:colcon.colcon_core.package_identification:_identify(sam3/sam3) by extension 'python'
[0.131s] Level 1:colcon.colcon_core.package_identification:_identify(sam3/sam3) by extensions ['python_setup_py']
[0.131s] Level 1:colcon.colcon_core.package_identification:_identify(sam3/sam3) by extension 'python_setup_py'
[0.131s] Level 1:colcon.colcon_core.package_identification:_identify(sam3/sam3/__pycache__) by extensions ['ignore', 'ignore_ament_install']
[0.131s] Level 1:colcon.colcon_core.package_identification:_identify(sam3/sam3/__pycache__) by extension 'ignore'
[0.131s] Level 1:colcon.colcon_core.package_identification:_identify(sam3/sam3/__pycache__) by extension 'ignore_ament_install'
[0.131s] Level 1:colcon.colcon_core.package_identification:_identify(sam3/sam3/__pycache__) by extensions ['colcon_pkg']
[0.131s] Level 1:colcon.colcon_core.package_identification:_identify(sam3/sam3/__pycache__) by extension 'colcon_pkg'
[0.131s] Level 1:colcon.colcon_core.package_identification:_identify(sam3/sam3/__pycache__) by extensions ['colcon_meta']
[0.131s] Level 1:colcon.colcon_core.package_identification:_identify(sam3/sam3/__pycache__) by extension 'colcon_meta'
[0.131s] Level 1:colcon.colcon_core.package_identification:_identify(sam3/sam3/__pycache__) by extensions ['ros']
[0.131s] Level 1:colcon.colcon_core.package_identification:_identify(sam3/sam3/__pycache__) by extension 'ros'
[0.131s] Level 1:colcon.colcon_core.package_identification:_identify(sam3/sam3/__pycache__) by extensions ['cmake', 'python']
[0.131s] Level 1:colcon.colcon_core.package_identification:_identify(sam3/sam3/__pycache__) by extension 'cmake'
[0.131s] Level 1:colcon.colcon_core.package_identification:_identify(sam3/sam3/__pycache__) by extension 'python'
[0.131s] Level 1:colcon.colcon_core.package_identification:_identify(sam3/sam3/__pycache__) by extensions ['python_setup_py']
[0.131s] Level 1:colcon.colcon_core.package_identification:_identify(sam3/sam3/__pycache__) by extension 'python_setup_py'
[0.131s] Level 1:colcon.colcon_core.package_identification:_identify(sam3/sam3/agent) by extensions ['ignore', 'ignore_ament_install']
[0.131s] Level 1:colcon.colcon_core.package_identification:_identify(sam3/sam3/agent) by extension 'ignore'
[0.131s] Level 1:colcon.colcon_core.package_identification:_identify(sam3/sam3/agent) by extension 'ignore_ament_install'
[0.131s] Level 1:colcon.colcon_core.package_identification:_identify(sam3/sam3/agent) by extensions ['colcon_pkg']
[0.131s] Level 1:colcon.colcon_core.package_identification:_identify(sam3/sam3/agent) by extension 'colcon_pkg'
[0.132s] Level 1:colcon.colcon_core.package_identification:_identify(sam3/sam3/agent) by extensions ['colcon_meta']
[0.132s] Level 1:colcon.colcon_core.package_identification:_identify(sam3/sam3/agent) by extension 'colcon_meta'
[0.132s] Level 1:colcon.colcon_core.package_identification:_identify(sam3/sam3/agent) by extensions ['ros']
[0.132s] Level 1:colcon.colcon_core.package_identification:_identify(sam3/sam3/agent) by extension 'ros'
[0.132s] Level 1:colcon.colcon_core.package_identification:_identify(sam3/sam3/agent) by extensions ['cmake', 'python']
[0.132s] Level 1:colcon.colcon_core.package_identification:_identify(sam3/sam3/agent) by extension 'cmake'
[0.132s] Level 1:colcon.colcon_core.package_identification:_identify(sam3/sam3/agent) by extension 'python'
[0.132s] Level 1:colcon.colcon_core.package_identification:_identify(sam3/sam3/agent) by extensions ['python_setup_py']
[0.132s] Level 1:colcon.colcon_core.package_identification:_identify(sam3/sam3/agent) by extension 'python_setup_py'
[0.132s] Level 1:colcon.colcon_core.package_identification:_identify(sam3/sam3/agent/helpers) by extensions ['ignore', 'ignore_ament_install']
[0.132s] Level 1:colcon.colcon_core.package_identification:_identify(sam3/sam3/agent/helpers) by extension 'ignore'
[0.132s] Level 1:colcon.colcon_core.package_identification:_identify(sam3/sam3/agent/helpers) by extension 'ignore_ament_install'
[0.132s] Level 1:colcon.colcon_core.package_identification:_identify(sam3/sam3/agent/helpers) by extensions ['colcon_pkg']
[0.132s] Level 1:colcon.colcon_core.package_identification:_identify(sam3/sam3/agent/helpers) by extension 'colcon_pkg'
[0.132s] Level 1:colcon.colcon_core.package_identification:_identify(sam3/sam3/agent/helpers) by extensions ['colcon_meta']
[0.132s] Level 1:colcon.colcon_core.package_identification:_identify(sam3/sam3/agent/helpers) by extension 'colcon_meta'
[0.132s] Level 1:colcon.colcon_core.package_identification:_identify(sam3/sam3/agent/helpers) by extensions ['ros']
[0.132s] Level 1:colcon.colcon_core.package_identification:_identify(sam3/sam3/agent/helpers) by extension 'ros'
[0.132s] Level 1:colcon.colcon_core.package_identification:_identify(sam3/sam3/agent/helpers) by extensions ['cmake', 'python']
[0.132s] Level 1:colcon.colcon_core.package_identification:_identify(sam3/sam3/agent/helpers) by extension 'cmake'
[0.132s] Level 1:colcon.colcon_core.package_identification:_identify(sam3/sam3/agent/helpers) by extension 'python'
[0.132s] Level 1:colcon.colcon_core.package_identification:_identify(sam3/sam3/agent/helpers) by extensions ['python_setup_py']
[0.132s] Level 1:colcon.colcon_core.package_identification:_identify(sam3/sam3/agent/helpers) by extension 'python_setup_py'
[0.132s] Level 1:colcon.colcon_core.package_identification:_identify(sam3/sam3/agent/system_prompts) by extensions ['ignore', 'ignore_ament_install']
[0.132s] Level 1:colcon.colcon_core.package_identification:_identify(sam3/sam3/agent/system_prompts) by extension 'ignore'
[0.132s] Level 1:colcon.colcon_core.package_identification:_identify(sam3/sam3/agent/system_prompts) by extension 'ignore_ament_install'
[0.132s] Level 1:colcon.colcon_core.package_identification:_identify(sam3/sam3/agent/system_prompts) by extensions ['colcon_pkg']
[0.132s] Level 1:colcon.colcon_core.package_identification:_identify(sam3/sam3/agent/system_prompts) by extension 'colcon_pkg'
[0.132s] Level 1:colcon.colcon_core.package_identification:_identify(sam3/sam3/agent/system_prompts) by extensions ['colcon_meta']
[0.132s] Level 1:colcon.colcon_core.package_identification:_identify(sam3/sam3/agent/system_prompts) by extension 'colcon_meta'
[0.132s] Level 1:colcon.colcon_core.package_identification:_identify(sam3/sam3/agent/system_prompts) by extensions ['ros']
[0.132s] Level 1:colcon.colcon_core.package_identification:_identify(sam3/sam3/agent/system_prompts) by extension 'ros'
[0.132s] Level 1:colcon.colcon_core.package_identification:_identify(sam3/sam3/agent/system_prompts) by extensions ['cmake', 'python']
[0.132s] Level 1:colcon.colcon_core.package_identification:_identify(sam3/sam3/agent/system_prompts) by extension 'cmake'
[0.132s] Level 1:colcon.colcon_core.package_identification:_identify(sam3/sam3/agent/system_prompts) by extension 'python'
[0.132s] Level 1:colcon.colcon_core.package_identification:_identify(sam3/sam3/agent/system_prompts) by extensions ['python_setup_py']
[0.132s] Level 1:colcon.colcon_core.package_identification:_identify(sam3/sam3/agent/system_prompts) by extension 'python_setup_py'
[0.132s] Level 1:colcon.colcon_core.package_identification:_identify(sam3/sam3/assets) by extensions ['ignore', 'ignore_ament_install']
[0.132s] Level 1:colcon.colcon_core.package_identification:_identify(sam3/sam3/assets) by extension 'ignore'
[0.132s] Level 1:colcon.colcon_core.package_identification:_identify(sam3/sam3/assets) by extension 'ignore_ament_install'
[0.132s] Level 1:colcon.colcon_core.package_identification:_identify(sam3/sam3/assets) by extensions ['colcon_pkg']
[0.132s] Level 1:colcon.colcon_core.package_identification:_identify(sam3/sam3/assets) by extension 'colcon_pkg'
[0.132s] Level 1:colcon.colcon_core.package_identification:_identify(sam3/sam3/assets) by extensions ['colcon_meta']
[0.132s] Level 1:colcon.colcon_core.package_identification:_identify(sam3/sam3/assets) by extension 'colcon_meta'
[0.132s] Level 1:colcon.colcon_core.package_identification:_identify(sam3/sam3/assets) by extensions ['ros']
[0.132s] Level 1:colcon.colcon_core.package_identification:_identify(sam3/sam3/assets) by extension 'ros'
[0.132s] Level 1:colcon.colcon_core.package_identification:_identify(sam3/sam3/assets) by extensions ['cmake', 'python']
[0.132s] Level 1:colcon.colcon_core.package_identification:_identify(sam3/sam3/assets) by extension 'cmake'
[0.132s] Level 1:colcon.colcon_core.package_identification:_identify(sam3/sam3/assets) by extension 'python'
[0.132s] Level 1:colcon.colcon_core.package_identification:_identify(sam3/sam3/assets) by extensions ['python_setup_py']
[0.132s] Level 1:colcon.colcon_core.package_identification:_identify(sam3/sam3/assets) by extension 'python_setup_py'
[0.132s] Level 1:colcon.colcon_core.package_identification:_identify(sam3/sam3/eval) by extensions ['ignore', 'ignore_ament_install']
[0.132s] Level 1:colcon.colcon_core.package_identification:_identify(sam3/sam3/eval) by extension 'ignore'
[0.132s] Level 1:colcon.colcon_core.package_identification:_identify(sam3/sam3/eval) by extension 'ignore_ament_install'
[0.132s] Level 1:colcon.colcon_core.package_identification:_identify(sam3/sam3/eval) by extensions ['colcon_pkg']
[0.132s] Level 1:colcon.colcon_core.package_identification:_identify(sam3/sam3/eval) by extension 'colcon_pkg'
[0.132s] Level 1:colcon.colcon_core.package_identification:_identify(sam3/sam3/eval) by extensions ['colcon_meta']
[0.132s] Level 1:colcon.colcon_core.package_identification:_identify(sam3/sam3/eval) by extension 'colcon_meta'
[0.132s] Level 1:colcon.colcon_core.package_identification:_identify(sam3/sam3/eval) by extensions ['ros']
[0.132s] Level 1:colcon.colcon_core.package_identification:_identify(sam3/sam3/eval) by extension 'ros'
[0.132s] Level 1:colcon.colcon_core.package_identification:_identify(sam3/sam3/eval) by extensions ['cmake', 'python']
[0.132s] Level 1:colcon.colcon_core.package_identification:_identify(sam3/sam3/eval) by extension 'cmake'
[0.132s] Level 1:colcon.colcon_core.package_identification:_identify(sam3/sam3/eval) by extension 'python'
[0.132s] Level 1:colcon.colcon_core.package_identification:_identify(sam3/sam3/eval) by extensions ['python_setup_py']
[0.132s] Level 1:colcon.colcon_core.package_identification:_identify(sam3/sam3/eval) by extension 'python_setup_py'
[0.133s] Level 1:colcon.colcon_core.package_identification:_identify(sam3/sam3/eval/hota_eval_toolkit) by extensions ['ignore', 'ignore_ament_install']
[0.133s] Level 1:colcon.colcon_core.package_identification:_identify(sam3/sam3/eval/hota_eval_toolkit) by extension 'ignore'
[0.133s] Level 1:colcon.colcon_core.package_identification:_identify(sam3/sam3/eval/hota_eval_toolkit) by extension 'ignore_ament_install'
[0.133s] Level 1:colcon.colcon_core.package_identification:_identify(sam3/sam3/eval/hota_eval_toolkit) by extensions ['colcon_pkg']
[0.133s] Level 1:colcon.colcon_core.package_identification:_identify(sam3/sam3/eval/hota_eval_toolkit) by extension 'colcon_pkg'
[0.133s] Level 1:colcon.colcon_core.package_identification:_identify(sam3/sam3/eval/hota_eval_toolkit) by extensions ['colcon_meta']
[0.133s] Level 1:colcon.colcon_core.package_identification:_identify(sam3/sam3/eval/hota_eval_toolkit) by extension 'colcon_meta'
[0.133s] Level 1:colcon.colcon_core.package_identification:_identify(sam3/sam3/eval/hota_eval_toolkit) by extensions ['ros']
[0.133s] Level 1:colcon.colcon_core.package_identification:_identify(sam3/sam3/eval/hota_eval_toolkit) by extension 'ros'
[0.133s] Level 1:colcon.colcon_core.package_identification:_identify(sam3/sam3/eval/hota_eval_toolkit) by extensions ['cmake', 'python']
[0.133s] Level 1:colcon.colcon_core.package_identification:_identify(sam3/sam3/eval/hota_eval_toolkit) by extension 'cmake'
[0.133s] Level 1:colcon.colcon_core.package_identification:_identify(sam3/sam3/eval/hota_eval_toolkit) by extension 'python'
[0.133s] Level 1:colcon.colcon_core.package_identification:_identify(sam3/sam3/eval/hota_eval_toolkit) by extensions ['python_setup_py']
[0.133s] Level 1:colcon.colcon_core.package_identification:_identify(sam3/sam3/eval/hota_eval_toolkit) by extension 'python_setup_py'
[0.133s] Level 1:colcon.colcon_core.package_identification:_identify(sam3/sam3/eval/hota_eval_toolkit/trackeval) by extensions ['ignore', 'ignore_ament_install']
[0.133s] Level 1:colcon.colcon_core.package_identification:_identify(sam3/sam3/eval/hota_eval_toolkit/trackeval) by extension 'ignore'
[0.133s] Level 1:colcon.colcon_core.package_identification:_identify(sam3/sam3/eval/hota_eval_toolkit/trackeval) by extension 'ignore_ament_install'
[0.133s] Level 1:colcon.colcon_core.package_identification:_identify(sam3/sam3/eval/hota_eval_toolkit/trackeval) by extensions ['colcon_pkg']
[0.133s] Level 1:colcon.colcon_core.package_identification:_identify(sam3/sam3/eval/hota_eval_toolkit/trackeval) by extension 'colcon_pkg'
[0.133s] Level 1:colcon.colcon_core.package_identification:_identify(sam3/sam3/eval/hota_eval_toolkit/trackeval) by extensions ['colcon_meta']
[0.133s] Level 1:colcon.colcon_core.package_identification:_identify(sam3/sam3/eval/hota_eval_toolkit/trackeval) by extension 'colcon_meta'
[0.133s] Level 1:colcon.colcon_core.package_identification:_identify(sam3/sam3/eval/hota_eval_toolkit/trackeval) by extensions ['ros']
[0.133s] Level 1:colcon.colcon_core.package_identification:_identify(sam3/sam3/eval/hota_eval_toolkit/trackeval) by extension 'ros'
[0.133s] Level 1:colcon.colcon_core.package_identification:_identify(sam3/sam3/eval/hota_eval_toolkit/trackeval) by extensions ['cmake', 'python']
[0.133s] Level 1:colcon.colcon_core.package_identification:_identify(sam3/sam3/eval/hota_eval_toolkit/trackeval) by extension 'cmake'
[0.133s] Level 1:colcon.colcon_core.package_identification:_identify(sam3/sam3/eval/hota_eval_toolkit/trackeval) by extension 'python'
[0.133s] Level 1:colcon.colcon_core.package_identification:_identify(sam3/sam3/eval/hota_eval_toolkit/trackeval) by extensions ['python_setup_py']
[0.133s] Level 1:colcon.colcon_core.package_identification:_identify(sam3/sam3/eval/hota_eval_toolkit/trackeval) by extension 'python_setup_py'
[0.133s] Level 1:colcon.colcon_core.package_identification:_identify(sam3/sam3/eval/hota_eval_toolkit/trackeval/datasets) by extensions ['ignore', 'ignore_ament_install']
[0.133s] Level 1:colcon.colcon_core.package_identification:_identify(sam3/sam3/eval/hota_eval_toolkit/trackeval/datasets) by extension 'ignore'
[0.133s] Level 1:colcon.colcon_core.package_identification:_identify(sam3/sam3/eval/hota_eval_toolkit/trackeval/datasets) by extension 'ignore_ament_install'
[0.133s] Level 1:colcon.colcon_core.package_identification:_identify(sam3/sam3/eval/hota_eval_toolkit/trackeval/datasets) by extensions ['colcon_pkg']
[0.133s] Level 1:colcon.colcon_core.package_identification:_identify(sam3/sam3/eval/hota_eval_toolkit/trackeval/datasets) by extension 'colcon_pkg'
[0.133s] Level 1:colcon.colcon_core.package_identification:_identify(sam3/sam3/eval/hota_eval_toolkit/trackeval/datasets) by extensions ['colcon_meta']
[0.133s] Level 1:colcon.colcon_core.package_identification:_identify(sam3/sam3/eval/hota_eval_toolkit/trackeval/datasets) by extension 'colcon_meta'
[0.133s] Level 1:colcon.colcon_core.package_identification:_identify(sam3/sam3/eval/hota_eval_toolkit/trackeval/datasets) by extensions ['ros']
[0.133s] Level 1:colcon.colcon_core.package_identification:_identify(sam3/sam3/eval/hota_eval_toolkit/trackeval/datasets) by extension 'ros'
[0.133s] Level 1:colcon.colcon_core.package_identification:_identify(sam3/sam3/eval/hota_eval_toolkit/trackeval/datasets) by extensions ['cmake', 'python']
[0.133s] Level 1:colcon.colcon_core.package_identification:_identify(sam3/sam3/eval/hota_eval_toolkit/trackeval/datasets) by extension 'cmake'
[0.133s] Level 1:colcon.colcon_core.package_identification:_identify(sam3/sam3/eval/hota_eval_toolkit/trackeval/datasets) by extension 'python'
[0.133s] Level 1:colcon.colcon_core.package_identification:_identify(sam3/sam3/eval/hota_eval_toolkit/trackeval/datasets) by extensions ['python_setup_py']
[0.133s] Level 1:colcon.colcon_core.package_identification:_identify(sam3/sam3/eval/hota_eval_toolkit/trackeval/datasets) by extension 'python_setup_py'
[0.133s] Level 1:colcon.colcon_core.package_identification:_identify(sam3/sam3/eval/hota_eval_toolkit/trackeval/metrics) by extensions ['ignore', 'ignore_ament_install']
[0.133s] Level 1:colcon.colcon_core.package_identification:_identify(sam3/sam3/eval/hota_eval_toolkit/trackeval/metrics) by extension 'ignore'
[0.133s] Level 1:colcon.colcon_core.package_identification:_identify(sam3/sam3/eval/hota_eval_toolkit/trackeval/metrics) by extension 'ignore_ament_install'
[0.133s] Level 1:colcon.colcon_core.package_identification:_identify(sam3/sam3/eval/hota_eval_toolkit/trackeval/metrics) by extensions ['colcon_pkg']
[0.133s] Level 1:colcon.colcon_core.package_identification:_identify(sam3/sam3/eval/hota_eval_toolkit/trackeval/metrics) by extension 'colcon_pkg'
[0.133s] Level 1:colcon.colcon_core.package_identification:_identify(sam3/sam3/eval/hota_eval_toolkit/trackeval/metrics) by extensions ['colcon_meta']
[0.133s] Level 1:colcon.colcon_core.package_identification:_identify(sam3/sam3/eval/hota_eval_toolkit/trackeval/metrics) by extension 'colcon_meta'
[0.133s] Level 1:colcon.colcon_core.package_identification:_identify(sam3/sam3/eval/hota_eval_toolkit/trackeval/metrics) by extensions ['ros']
[0.133s] Level 1:colcon.colcon_core.package_identification:_identify(sam3/sam3/eval/hota_eval_toolkit/trackeval/metrics) by extension 'ros'
[0.133s] Level 1:colcon.colcon_core.package_identification:_identify(sam3/sam3/eval/hota_eval_toolkit/trackeval/metrics) by extensions ['cmake', 'python']
[0.133s] Level 1:colcon.colcon_core.package_identification:_identify(sam3/sam3/eval/hota_eval_toolkit/trackeval/metrics) by extension 'cmake'
[0.133s] Level 1:colcon.colcon_core.package_identification:_identify(sam3/sam3/eval/hota_eval_toolkit/trackeval/metrics) by extension 'python'
[0.133s] Level 1:colcon.colcon_core.package_identification:_identify(sam3/sam3/eval/hota_eval_toolkit/trackeval/metrics) by extensions ['python_setup_py']
[0.133s] Level 1:colcon.colcon_core.package_identification:_identify(sam3/sam3/eval/hota_eval_toolkit/trackeval/metrics) by extension 'python_setup_py'
[0.133s] Level 1:colcon.colcon_core.package_identification:_identify(sam3/sam3/eval/teta_eval_toolkit) by extensions ['ignore', 'ignore_ament_install']
[0.133s] Level 1:colcon.colcon_core.package_identification:_identify(sam3/sam3/eval/teta_eval_toolkit) by extension 'ignore'
[0.133s] Level 1:colcon.colcon_core.package_identification:_identify(sam3/sam3/eval/teta_eval_toolkit) by extension 'ignore_ament_install'
[0.133s] Level 1:colcon.colcon_core.package_identification:_identify(sam3/sam3/eval/teta_eval_toolkit) by extensions ['colcon_pkg']
[0.133s] Level 1:colcon.colcon_core.package_identification:_identify(sam3/sam3/eval/teta_eval_toolkit) by extension 'colcon_pkg'
[0.133s] Level 1:colcon.colcon_core.package_identification:_identify(sam3/sam3/eval/teta_eval_toolkit) by extensions ['colcon_meta']
[0.134s] Level 1:colcon.colcon_core.package_identification:_identify(sam3/sam3/eval/teta_eval_toolkit) by extension 'colcon_meta'
[0.134s] Level 1:colcon.colcon_core.package_identification:_identify(sam3/sam3/eval/teta_eval_toolkit) by extensions ['ros']
[0.134s] Level 1:colcon.colcon_core.package_identification:_identify(sam3/sam3/eval/teta_eval_toolkit) by extension 'ros'
[0.134s] Level 1:colcon.colcon_core.package_identification:_identify(sam3/sam3/eval/teta_eval_toolkit) by extensions ['cmake', 'python']
[0.134s] Level 1:colcon.colcon_core.package_identification:_identify(sam3/sam3/eval/teta_eval_toolkit) by extension 'cmake'
[0.134s] Level 1:colcon.colcon_core.package_identification:_identify(sam3/sam3/eval/teta_eval_toolkit) by extension 'python'
[0.134s] Level 1:colcon.colcon_core.package_identification:_identify(sam3/sam3/eval/teta_eval_toolkit) by extensions ['python_setup_py']
[0.134s] Level 1:colcon.colcon_core.package_identification:_identify(sam3/sam3/eval/teta_eval_toolkit) by extension 'python_setup_py'
[0.134s] Level 1:colcon.colcon_core.package_identification:_identify(sam3/sam3/eval/teta_eval_toolkit/datasets) by extensions ['ignore', 'ignore_ament_install']
[0.134s] Level 1:colcon.colcon_core.package_identification:_identify(sam3/sam3/eval/teta_eval_toolkit/datasets) by extension 'ignore'
[0.134s] Level 1:colcon.colcon_core.package_identification:_identify(sam3/sam3/eval/teta_eval_toolkit/datasets) by extension 'ignore_ament_install'
[0.134s] Level 1:colcon.colcon_core.package_identification:_identify(sam3/sam3/eval/teta_eval_toolkit/datasets) by extensions ['colcon_pkg']
[0.134s] Level 1:colcon.colcon_core.package_identification:_identify(sam3/sam3/eval/teta_eval_toolkit/datasets) by extension 'colcon_pkg'
[0.134s] Level 1:colcon.colcon_core.package_identification:_identify(sam3/sam3/eval/teta_eval_toolkit/datasets) by extensions ['colcon_meta']
[0.134s] Level 1:colcon.colcon_core.package_identification:_identify(sam3/sam3/eval/teta_eval_toolkit/datasets) by extension 'colcon_meta'
[0.134s] Level 1:colcon.colcon_core.package_identification:_identify(sam3/sam3/eval/teta_eval_toolkit/datasets) by extensions ['ros']
[0.134s] Level 1:colcon.colcon_core.package_identification:_identify(sam3/sam3/eval/teta_eval_toolkit/datasets) by extension 'ros'
[0.134s] Level 1:colcon.colcon_core.package_identification:_identify(sam3/sam3/eval/teta_eval_toolkit/datasets) by extensions ['cmake', 'python']
[0.134s] Level 1:colcon.colcon_core.package_identification:_identify(sam3/sam3/eval/teta_eval_toolkit/datasets) by extension 'cmake'
[0.134s] Level 1:colcon.colcon_core.package_identification:_identify(sam3/sam3/eval/teta_eval_toolkit/datasets) by extension 'python'
[0.134s] Level 1:colcon.colcon_core.package_identification:_identify(sam3/sam3/eval/teta_eval_toolkit/datasets) by extensions ['python_setup_py']
[0.134s] Level 1:colcon.colcon_core.package_identification:_identify(sam3/sam3/eval/teta_eval_toolkit/datasets) by extension 'python_setup_py'
[0.134s] Level 1:colcon.colcon_core.package_identification:_identify(sam3/sam3/eval/teta_eval_toolkit/metrics) by extensions ['ignore', 'ignore_ament_install']
[0.134s] Level 1:colcon.colcon_core.package_identification:_identify(sam3/sam3/eval/teta_eval_toolkit/metrics) by extension 'ignore'
[0.134s] Level 1:colcon.colcon_core.package_identification:_identify(sam3/sam3/eval/teta_eval_toolkit/metrics) by extension 'ignore_ament_install'
[0.134s] Level 1:colcon.colcon_core.package_identification:_identify(sam3/sam3/eval/teta_eval_toolkit/metrics) by extensions ['colcon_pkg']
[0.134s] Level 1:colcon.colcon_core.package_identification:_identify(sam3/sam3/eval/teta_eval_toolkit/metrics) by extension 'colcon_pkg'
[0.134s] Level 1:colcon.colcon_core.package_identification:_identify(sam3/sam3/eval/teta_eval_toolkit/metrics) by extensions ['colcon_meta']
[0.134s] Level 1:colcon.colcon_core.package_identification:_identify(sam3/sam3/eval/teta_eval_toolkit/metrics) by extension 'colcon_meta'
[0.134s] Level 1:colcon.colcon_core.package_identification:_identify(sam3/sam3/eval/teta_eval_toolkit/metrics) by extensions ['ros']
[0.134s] Level 1:colcon.colcon_core.package_identification:_identify(sam3/sam3/eval/teta_eval_toolkit/metrics) by extension 'ros'
[0.134s] Level 1:colcon.colcon_core.package_identification:_identify(sam3/sam3/eval/teta_eval_toolkit/metrics) by extensions ['cmake', 'python']
[0.134s] Level 1:colcon.colcon_core.package_identification:_identify(sam3/sam3/eval/teta_eval_toolkit/metrics) by extension 'cmake'
[0.134s] Level 1:colcon.colcon_core.package_identification:_identify(sam3/sam3/eval/teta_eval_toolkit/metrics) by extension 'python'
[0.134s] Level 1:colcon.colcon_core.package_identification:_identify(sam3/sam3/eval/teta_eval_toolkit/metrics) by extensions ['python_setup_py']
[0.134s] Level 1:colcon.colcon_core.package_identification:_identify(sam3/sam3/eval/teta_eval_toolkit/metrics) by extension 'python_setup_py'
[0.134s] Level 1:colcon.colcon_core.package_identification:_identify(sam3/sam3/model) by extensions ['ignore', 'ignore_ament_install']
[0.134s] Level 1:colcon.colcon_core.package_identification:_identify(sam3/sam3/model) by extension 'ignore'
[0.134s] Level 1:colcon.colcon_core.package_identification:_identify(sam3/sam3/model) by extension 'ignore_ament_install'
[0.134s] Level 1:colcon.colcon_core.package_identification:_identify(sam3/sam3/model) by extensions ['colcon_pkg']
[0.134s] Level 1:colcon.colcon_core.package_identification:_identify(sam3/sam3/model) by extension 'colcon_pkg'
[0.134s] Level 1:colcon.colcon_core.package_identification:_identify(sam3/sam3/model) by extensions ['colcon_meta']
[0.134s] Level 1:colcon.colcon_core.package_identification:_identify(sam3/sam3/model) by extension 'colcon_meta'
[0.134s] Level 1:colcon.colcon_core.package_identification:_identify(sam3/sam3/model) by extensions ['ros']
[0.134s] Level 1:colcon.colcon_core.package_identification:_identify(sam3/sam3/model) by extension 'ros'
[0.134s] Level 1:colcon.colcon_core.package_identification:_identify(sam3/sam3/model) by extensions ['cmake', 'python']
[0.134s] Level 1:colcon.colcon_core.package_identification:_identify(sam3/sam3/model) by extension 'cmake'
[0.134s] Level 1:colcon.colcon_core.package_identification:_identify(sam3/sam3/model) by extension 'python'
[0.134s] Level 1:colcon.colcon_core.package_identification:_identify(sam3/sam3/model) by extensions ['python_setup_py']
[0.134s] Level 1:colcon.colcon_core.package_identification:_identify(sam3/sam3/model) by extension 'python_setup_py'
[0.134s] Level 1:colcon.colcon_core.package_identification:_identify(sam3/sam3/model/utils) by extensions ['ignore', 'ignore_ament_install']
[0.134s] Level 1:colcon.colcon_core.package_identification:_identify(sam3/sam3/model/utils) by extension 'ignore'
[0.134s] Level 1:colcon.colcon_core.package_identification:_identify(sam3/sam3/model/utils) by extension 'ignore_ament_install'
[0.134s] Level 1:colcon.colcon_core.package_identification:_identify(sam3/sam3/model/utils) by extensions ['colcon_pkg']
[0.134s] Level 1:colcon.colcon_core.package_identification:_identify(sam3/sam3/model/utils) by extension 'colcon_pkg'
[0.134s] Level 1:colcon.colcon_core.package_identification:_identify(sam3/sam3/model/utils) by extensions ['colcon_meta']
[0.134s] Level 1:colcon.colcon_core.package_identification:_identify(sam3/sam3/model/utils) by extension 'colcon_meta'
[0.134s] Level 1:colcon.colcon_core.package_identification:_identify(sam3/sam3/model/utils) by extensions ['ros']
[0.134s] Level 1:colcon.colcon_core.package_identification:_identify(sam3/sam3/model/utils) by extension 'ros'
[0.134s] Level 1:colcon.colcon_core.package_identification:_identify(sam3/sam3/model/utils) by extensions ['cmake', 'python']
[0.134s] Level 1:colcon.colcon_core.package_identification:_identify(sam3/sam3/model/utils) by extension 'cmake'
[0.134s] Level 1:colcon.colcon_core.package_identification:_identify(sam3/sam3/model/utils) by extension 'python'
[0.134s] Level 1:colcon.colcon_core.package_identification:_identify(sam3/sam3/model/utils) by extensions ['python_setup_py']
[0.134s] Level 1:colcon.colcon_core.package_identification:_identify(sam3/sam3/model/utils) by extension 'python_setup_py'
[0.135s] Level 1:colcon.colcon_core.package_identification:_identify(sam3/sam3/perflib) by extensions ['ignore', 'ignore_ament_install']
[0.135s] Level 1:colcon.colcon_core.package_identification:_identify(sam3/sam3/perflib) by extension 'ignore'
[0.135s] Level 1:colcon.colcon_core.package_identification:_identify(sam3/sam3/perflib) by extension 'ignore_ament_install'
[0.135s] Level 1:colcon.colcon_core.package_identification:_identify(sam3/sam3/perflib) by extensions ['colcon_pkg']
[0.135s] Level 1:colcon.colcon_core.package_identification:_identify(sam3/sam3/perflib) by extension 'colcon_pkg'
[0.135s] Level 1:colcon.colcon_core.package_identification:_identify(sam3/sam3/perflib) by extensions ['colcon_meta']
[0.135s] Level 1:colcon.colcon_core.package_identification:_identify(sam3/sam3/perflib) by extension 'colcon_meta'
[0.135s] Level 1:colcon.colcon_core.package_identification:_identify(sam3/sam3/perflib) by extensions ['ros']
[0.135s] Level 1:colcon.colcon_core.package_identification:_identify(sam3/sam3/perflib) by extension 'ros'
[0.135s] Level 1:colcon.colcon_core.package_identification:_identify(sam3/sam3/perflib) by extensions ['cmake', 'python']
[0.135s] Level 1:colcon.colcon_core.package_identification:_identify(sam3/sam3/perflib) by extension 'cmake'
[0.135s] Level 1:colcon.colcon_core.package_identification:_identify(sam3/sam3/perflib) by extension 'python'
[0.135s] Level 1:colcon.colcon_core.package_identification:_identify(sam3/sam3/perflib) by extensions ['python_setup_py']
[0.135s] Level 1:colcon.colcon_core.package_identification:_identify(sam3/sam3/perflib) by extension 'python_setup_py'
[0.135s] Level 1:colcon.colcon_core.package_identification:_identify(sam3/sam3/perflib/tests) by extensions ['ignore', 'ignore_ament_install']
[0.135s] Level 1:colcon.colcon_core.package_identification:_identify(sam3/sam3/perflib/tests) by extension 'ignore'
[0.135s] Level 1:colcon.colcon_core.package_identification:_identify(sam3/sam3/perflib/tests) by extension 'ignore_ament_install'
[0.135s] Level 1:colcon.colcon_core.package_identification:_identify(sam3/sam3/perflib/tests) by extensions ['colcon_pkg']
[0.135s] Level 1:colcon.colcon_core.package_identification:_identify(sam3/sam3/perflib/tests) by extension 'colcon_pkg'
[0.135s] Level 1:colcon.colcon_core.package_identification:_identify(sam3/sam3/perflib/tests) by extensions ['colcon_meta']
[0.135s] Level 1:colcon.colcon_core.package_identification:_identify(sam3/sam3/perflib/tests) by extension 'colcon_meta'
[0.135s] Level 1:colcon.colcon_core.package_identification:_identify(sam3/sam3/perflib/tests) by extensions ['ros']
[0.135s] Level 1:colcon.colcon_core.package_identification:_identify(sam3/sam3/perflib/tests) by extension 'ros'
[0.135s] Level 1:colcon.colcon_core.package_identification:_identify(sam3/sam3/perflib/tests) by extensions ['cmake', 'python']
[0.135s] Level 1:colcon.colcon_core.package_identification:_identify(sam3/sam3/perflib/tests) by extension 'cmake'
[0.135s] Level 1:colcon.colcon_core.package_identification:_identify(sam3/sam3/perflib/tests) by extension 'python'
[0.135s] Level 1:colcon.colcon_core.package_identification:_identify(sam3/sam3/perflib/tests) by extensions ['python_setup_py']
[0.135s] Level 1:colcon.colcon_core.package_identification:_identify(sam3/sam3/perflib/tests) by extension 'python_setup_py'
[0.135s] Level 1:colcon.colcon_core.package_identification:_identify(sam3/sam3/perflib/tests/assets) by extensions ['ignore', 'ignore_ament_install']
[0.135s] Level 1:colcon.colcon_core.package_identification:_identify(sam3/sam3/perflib/tests/assets) by extension 'ignore'
[0.135s] Level 1:colcon.colcon_core.package_identification:_identify(sam3/sam3/perflib/tests/assets) by extension 'ignore_ament_install'
[0.135s] Level 1:colcon.colcon_core.package_identification:_identify(sam3/sam3/perflib/tests/assets) by extensions ['colcon_pkg']
[0.135s] Level 1:colcon.colcon_core.package_identification:_identify(sam3/sam3/perflib/tests/assets) by extension 'colcon_pkg'
[0.135s] Level 1:colcon.colcon_core.package_identification:_identify(sam3/sam3/perflib/tests/assets) by extensions ['colcon_meta']
[0.135s] Level 1:colcon.colcon_core.package_identification:_identify(sam3/sam3/perflib/tests/assets) by extension 'colcon_meta'
[0.135s] Level 1:colcon.colcon_core.package_identification:_identify(sam3/sam3/perflib/tests/assets) by extensions ['ros']
[0.135s] Level 1:colcon.colcon_core.package_identification:_identify(sam3/sam3/perflib/tests/assets) by extension 'ros'
[0.135s] Level 1:colcon.colcon_core.package_identification:_identify(sam3/sam3/perflib/tests/assets) by extensions ['cmake', 'python']
[0.135s] Level 1:colcon.colcon_core.package_identification:_identify(sam3/sam3/perflib/tests/assets) by extension 'cmake'
[0.135s] Level 1:colcon.colcon_core.package_identification:_identify(sam3/sam3/perflib/tests/assets) by extension 'python'
[0.135s] Level 1:colcon.colcon_core.package_identification:_identify(sam3/sam3/perflib/tests/assets) by extensions ['python_setup_py']
[0.135s] Level 1:colcon.colcon_core.package_identification:_identify(sam3/sam3/perflib/tests/assets) by extension 'python_setup_py'
[0.135s] Level 1:colcon.colcon_core.package_identification:_identify(sam3/sam3/perflib/triton) by extensions ['ignore', 'ignore_ament_install']
[0.135s] Level 1:colcon.colcon_core.package_identification:_identify(sam3/sam3/perflib/triton) by extension 'ignore'
[0.135s] Level 1:colcon.colcon_core.package_identification:_identify(sam3/sam3/perflib/triton) by extension 'ignore_ament_install'
[0.135s] Level 1:colcon.colcon_core.package_identification:_identify(sam3/sam3/perflib/triton) by extensions ['colcon_pkg']
[0.135s] Level 1:colcon.colcon_core.package_identification:_identify(sam3/sam3/perflib/triton) by extension 'colcon_pkg'
[0.135s] Level 1:colcon.colcon_core.package_identification:_identify(sam3/sam3/perflib/triton) by extensions ['colcon_meta']
[0.135s] Level 1:colcon.colcon_core.package_identification:_identify(sam3/sam3/perflib/triton) by extension 'colcon_meta'
[0.135s] Level 1:colcon.colcon_core.package_identification:_identify(sam3/sam3/perflib/triton) by extensions ['ros']
[0.135s] Level 1:colcon.colcon_core.package_identification:_identify(sam3/sam3/perflib/triton) by extension 'ros'
[0.135s] Level 1:colcon.colcon_core.package_identification:_identify(sam3/sam3/perflib/triton) by extensions ['cmake', 'python']
[0.135s] Level 1:colcon.colcon_core.package_identification:_identify(sam3/sam3/perflib/triton) by extension 'cmake'
[0.135s] Level 1:colcon.colcon_core.package_identification:_identify(sam3/sam3/perflib/triton) by extension 'python'
[0.135s] Level 1:colcon.colcon_core.package_identification:_identify(sam3/sam3/perflib/triton) by extensions ['python_setup_py']
[0.135s] Level 1:colcon.colcon_core.package_identification:_identify(sam3/sam3/perflib/triton) by extension 'python_setup_py'
[0.135s] Level 1:colcon.colcon_core.package_identification:_identify(sam3/sam3/sam) by extensions ['ignore', 'ignore_ament_install']
[0.135s] Level 1:colcon.colcon_core.package_identification:_identify(sam3/sam3/sam) by extension 'ignore'
[0.135s] Level 1:colcon.colcon_core.package_identification:_identify(sam3/sam3/sam) by extension 'ignore_ament_install'
[0.135s] Level 1:colcon.colcon_core.package_identification:_identify(sam3/sam3/sam) by extensions ['colcon_pkg']
[0.135s] Level 1:colcon.colcon_core.package_identification:_identify(sam3/sam3/sam) by extension 'colcon_pkg'
[0.135s] Level 1:colcon.colcon_core.package_identification:_identify(sam3/sam3/sam) by extensions ['colcon_meta']
[0.135s] Level 1:colcon.colcon_core.package_identification:_identify(sam3/sam3/sam) by extension 'colcon_meta'
[0.135s] Level 1:colcon.colcon_core.package_identification:_identify(sam3/sam3/sam) by extensions ['ros']
[0.136s] Level 1:colcon.colcon_core.package_identification:_identify(sam3/sam3/sam) by extension 'ros'
[0.136s] Level 1:colcon.colcon_core.package_identification:_identify(sam3/sam3/sam) by extensions ['cmake', 'python']
[0.136s] Level 1:colcon.colcon_core.package_identification:_identify(sam3/sam3/sam) by extension 'cmake'
[0.136s] Level 1:colcon.colcon_core.package_identification:_identify(sam3/sam3/sam) by extension 'python'
[0.136s] Level 1:colcon.colcon_core.package_identification:_identify(sam3/sam3/sam) by extensions ['python_setup_py']
[0.136s] Level 1:colcon.colcon_core.package_identification:_identify(sam3/sam3/sam) by extension 'python_setup_py'
[0.136s] Level 1:colcon.colcon_core.package_identification:_identify(sam3/sam3/train) by extensions ['ignore', 'ignore_ament_install']
[0.136s] Level 1:colcon.colcon_core.package_identification:_identify(sam3/sam3/train) by extension 'ignore'
[0.136s] Level 1:colcon.colcon_core.package_identification:_identify(sam3/sam3/train) by extension 'ignore_ament_install'
[0.136s] Level 1:colcon.colcon_core.package_identification:_identify(sam3/sam3/train) by extensions ['colcon_pkg']
[0.136s] Level 1:colcon.colcon_core.package_identification:_identify(sam3/sam3/train) by extension 'colcon_pkg'
[0.136s] Level 1:colcon.colcon_core.package_identification:_identify(sam3/sam3/train) by extensions ['colcon_meta']
[0.136s] Level 1:colcon.colcon_core.package_identification:_identify(sam3/sam3/train) by extension 'colcon_meta'
[0.136s] Level 1:colcon.colcon_core.package_identification:_identify(sam3/sam3/train) by extensions ['ros']
[0.136s] Level 1:colcon.colcon_core.package_identification:_identify(sam3/sam3/train) by extension 'ros'
[0.136s] Level 1:colcon.colcon_core.package_identification:_identify(sam3/sam3/train) by extensions ['cmake', 'python']
[0.136s] Level 1:colcon.colcon_core.package_identification:_identify(sam3/sam3/train) by extension 'cmake'
[0.136s] Level 1:colcon.colcon_core.package_identification:_identify(sam3/sam3/train) by extension 'python'
[0.136s] Level 1:colcon.colcon_core.package_identification:_identify(sam3/sam3/train) by extensions ['python_setup_py']
[0.136s] Level 1:colcon.colcon_core.package_identification:_identify(sam3/sam3/train) by extension 'python_setup_py'
[0.136s] Level 1:colcon.colcon_core.package_identification:_identify(sam3/sam3/train/configs) by extensions ['ignore', 'ignore_ament_install']
[0.136s] Level 1:colcon.colcon_core.package_identification:_identify(sam3/sam3/train/configs) by extension 'ignore'
[0.136s] Level 1:colcon.colcon_core.package_identification:_identify(sam3/sam3/train/configs) by extension 'ignore_ament_install'
[0.136s] Level 1:colcon.colcon_core.package_identification:_identify(sam3/sam3/train/configs) by extensions ['colcon_pkg']
[0.136s] Level 1:colcon.colcon_core.package_identification:_identify(sam3/sam3/train/configs) by extension 'colcon_pkg'
[0.136s] Level 1:colcon.colcon_core.package_identification:_identify(sam3/sam3/train/configs) by extensions ['colcon_meta']
[0.136s] Level 1:colcon.colcon_core.package_identification:_identify(sam3/sam3/train/configs) by extension 'colcon_meta'
[0.136s] Level 1:colcon.colcon_core.package_identification:_identify(sam3/sam3/train/configs) by extensions ['ros']
[0.136s] Level 1:colcon.colcon_core.package_identification:_identify(sam3/sam3/train/configs) by extension 'ros'
[0.136s] Level 1:colcon.colcon_core.package_identification:_identify(sam3/sam3/train/configs) by extensions ['cmake', 'python']
[0.136s] Level 1:colcon.colcon_core.package_identification:_identify(sam3/sam3/train/configs) by extension 'cmake'
[0.136s] Level 1:colcon.colcon_core.package_identification:_identify(sam3/sam3/train/configs) by extension 'python'
[0.136s] Level 1:colcon.colcon_core.package_identification:_identify(sam3/sam3/train/configs) by extensions ['python_setup_py']
[0.136s] Level 1:colcon.colcon_core.package_identification:_identify(sam3/sam3/train/configs) by extension 'python_setup_py'
[0.136s] Level 1:colcon.colcon_core.package_identification:_identify(sam3/sam3/train/configs/gold_image_evals) by extensions ['ignore', 'ignore_ament_install']
[0.136s] Level 1:colcon.colcon_core.package_identification:_identify(sam3/sam3/train/configs/gold_image_evals) by extension 'ignore'
[0.136s] Level 1:colcon.colcon_core.package_identification:_identify(sam3/sam3/train/configs/gold_image_evals) by extension 'ignore_ament_install'
[0.136s] Level 1:colcon.colcon_core.package_identification:_identify(sam3/sam3/train/configs/gold_image_evals) by extensions ['colcon_pkg']
[0.136s] Level 1:colcon.colcon_core.package_identification:_identify(sam3/sam3/train/configs/gold_image_evals) by extension 'colcon_pkg'
[0.136s] Level 1:colcon.colcon_core.package_identification:_identify(sam3/sam3/train/configs/gold_image_evals) by extensions ['colcon_meta']
[0.136s] Level 1:colcon.colcon_core.package_identification:_identify(sam3/sam3/train/configs/gold_image_evals) by extension 'colcon_meta'
[0.136s] Level 1:colcon.colcon_core.package_identification:_identify(sam3/sam3/train/configs/gold_image_evals) by extensions ['ros']
[0.136s] Level 1:colcon.colcon_core.package_identification:_identify(sam3/sam3/train/configs/gold_image_evals) by extension 'ros'
[0.136s] Level 1:colcon.colcon_core.package_identification:_identify(sam3/sam3/train/configs/gold_image_evals) by extensions ['cmake', 'python']
[0.136s] Level 1:colcon.colcon_core.package_identification:_identify(sam3/sam3/train/configs/gold_image_evals) by extension 'cmake'
[0.136s] Level 1:colcon.colcon_core.package_identification:_identify(sam3/sam3/train/configs/gold_image_evals) by extension 'python'
[0.136s] Level 1:colcon.colcon_core.package_identification:_identify(sam3/sam3/train/configs/gold_image_evals) by extensions ['python_setup_py']
[0.136s] Level 1:colcon.colcon_core.package_identification:_identify(sam3/sam3/train/configs/gold_image_evals) by extension 'python_setup_py'
[0.136s] Level 1:colcon.colcon_core.package_identification:_identify(sam3/sam3/train/configs/odinw13) by extensions ['ignore', 'ignore_ament_install']
[0.136s] Level 1:colcon.colcon_core.package_identification:_identify(sam3/sam3/train/configs/odinw13) by extension 'ignore'
[0.136s] Level 1:colcon.colcon_core.package_identification:_identify(sam3/sam3/train/configs/odinw13) by extension 'ignore_ament_install'
[0.136s] Level 1:colcon.colcon_core.package_identification:_identify(sam3/sam3/train/configs/odinw13) by extensions ['colcon_pkg']
[0.136s] Level 1:colcon.colcon_core.package_identification:_identify(sam3/sam3/train/configs/odinw13) by extension 'colcon_pkg'
[0.136s] Level 1:colcon.colcon_core.package_identification:_identify(sam3/sam3/train/configs/odinw13) by extensions ['colcon_meta']
[0.136s] Level 1:colcon.colcon_core.package_identification:_identify(sam3/sam3/train/configs/odinw13) by extension 'colcon_meta'
[0.136s] Level 1:colcon.colcon_core.package_identification:_identify(sam3/sam3/train/configs/odinw13) by extensions ['ros']
[0.136s] Level 1:colcon.colcon_core.package_identification:_identify(sam3/sam3/train/configs/odinw13) by extension 'ros'
[0.136s] Level 1:colcon.colcon_core.package_identification:_identify(sam3/sam3/train/configs/odinw13) by extensions ['cmake', 'python']
[0.136s] Level 1:colcon.colcon_core.package_identification:_identify(sam3/sam3/train/configs/odinw13) by extension 'cmake'
[0.137s] Level 1:colcon.colcon_core.package_identification:_identify(sam3/sam3/train/configs/odinw13) by extension 'python'
[0.137s] Level 1:colcon.colcon_core.package_identification:_identify(sam3/sam3/train/configs/odinw13) by extensions ['python_setup_py']
[0.137s] Level 1:colcon.colcon_core.package_identification:_identify(sam3/sam3/train/configs/odinw13) by extension 'python_setup_py'
[0.137s] Level 1:colcon.colcon_core.package_identification:_identify(sam3/sam3/train/configs/roboflow_v100) by extensions ['ignore', 'ignore_ament_install']
[0.137s] Level 1:colcon.colcon_core.package_identification:_identify(sam3/sam3/train/configs/roboflow_v100) by extension 'ignore'
[0.137s] Level 1:colcon.colcon_core.package_identification:_identify(sam3/sam3/train/configs/roboflow_v100) by extension 'ignore_ament_install'
[0.137s] Level 1:colcon.colcon_core.package_identification:_identify(sam3/sam3/train/configs/roboflow_v100) by extensions ['colcon_pkg']
[0.137s] Level 1:colcon.colcon_core.package_identification:_identify(sam3/sam3/train/configs/roboflow_v100) by extension 'colcon_pkg'
[0.137s] Level 1:colcon.colcon_core.package_identification:_identify(sam3/sam3/train/configs/roboflow_v100) by extensions ['colcon_meta']
[0.137s] Level 1:colcon.colcon_core.package_identification:_identify(sam3/sam3/train/configs/roboflow_v100) by extension 'colcon_meta'
[0.137s] Level 1:colcon.colcon_core.package_identification:_identify(sam3/sam3/train/configs/roboflow_v100) by extensions ['ros']
[0.137s] Level 1:colcon.colcon_core.package_identification:_identify(sam3/sam3/train/configs/roboflow_v100) by extension 'ros'
[0.137s] Level 1:colcon.colcon_core.package_identification:_identify(sam3/sam3/train/configs/roboflow_v100) by extensions ['cmake', 'python']
[0.137s] Level 1:colcon.colcon_core.package_identification:_identify(sam3/sam3/train/configs/roboflow_v100) by extension 'cmake'
[0.137s] Level 1:colcon.colcon_core.package_identification:_identify(sam3/sam3/train/configs/roboflow_v100) by extension 'python'
[0.137s] Level 1:colcon.colcon_core.package_identification:_identify(sam3/sam3/train/configs/roboflow_v100) by extensions ['python_setup_py']
[0.137s] Level 1:colcon.colcon_core.package_identification:_identify(sam3/sam3/train/configs/roboflow_v100) by extension 'python_setup_py'
[0.137s] Level 1:colcon.colcon_core.package_identification:_identify(sam3/sam3/train/configs/saco_video_evals) by extensions ['ignore', 'ignore_ament_install']
[0.137s] Level 1:colcon.colcon_core.package_identification:_identify(sam3/sam3/train/configs/saco_video_evals) by extension 'ignore'
[0.137s] Level 1:colcon.colcon_core.package_identification:_identify(sam3/sam3/train/configs/saco_video_evals) by extension 'ignore_ament_install'
[0.137s] Level 1:colcon.colcon_core.package_identification:_identify(sam3/sam3/train/configs/saco_video_evals) by extensions ['colcon_pkg']
[0.137s] Level 1:colcon.colcon_core.package_identification:_identify(sam3/sam3/train/configs/saco_video_evals) by extension 'colcon_pkg'
[0.137s] Level 1:colcon.colcon_core.package_identification:_identify(sam3/sam3/train/configs/saco_video_evals) by extensions ['colcon_meta']
[0.137s] Level 1:colcon.colcon_core.package_identification:_identify(sam3/sam3/train/configs/saco_video_evals) by extension 'colcon_meta'
[0.137s] Level 1:colcon.colcon_core.package_identification:_identify(sam3/sam3/train/configs/saco_video_evals) by extensions ['ros']
[0.137s] Level 1:colcon.colcon_core.package_identification:_identify(sam3/sam3/train/configs/saco_video_evals) by extension 'ros'
[0.137s] Level 1:colcon.colcon_core.package_identification:_identify(sam3/sam3/train/configs/saco_video_evals) by extensions ['cmake', 'python']
[0.137s] Level 1:colcon.colcon_core.package_identification:_identify(sam3/sam3/train/configs/saco_video_evals) by extension 'cmake'
[0.137s] Level 1:colcon.colcon_core.package_identification:_identify(sam3/sam3/train/configs/saco_video_evals) by extension 'python'
[0.137s] Level 1:colcon.colcon_core.package_identification:_identify(sam3/sam3/train/configs/saco_video_evals) by extensions ['python_setup_py']
[0.137s] Level 1:colcon.colcon_core.package_identification:_identify(sam3/sam3/train/configs/saco_video_evals) by extension 'python_setup_py'
[0.137s] Level 1:colcon.colcon_core.package_identification:_identify(sam3/sam3/train/configs/silver_image_evals) by extensions ['ignore', 'ignore_ament_install']
[0.137s] Level 1:colcon.colcon_core.package_identification:_identify(sam3/sam3/train/configs/silver_image_evals) by extension 'ignore'
[0.137s] Level 1:colcon.colcon_core.package_identification:_identify(sam3/sam3/train/configs/silver_image_evals) by extension 'ignore_ament_install'
[0.137s] Level 1:colcon.colcon_core.package_identification:_identify(sam3/sam3/train/configs/silver_image_evals) by extensions ['colcon_pkg']
[0.137s] Level 1:colcon.colcon_core.package_identification:_identify(sam3/sam3/train/configs/silver_image_evals) by extension 'colcon_pkg'
[0.137s] Level 1:colcon.colcon_core.package_identification:_identify(sam3/sam3/train/configs/silver_image_evals) by extensions ['colcon_meta']
[0.137s] Level 1:colcon.colcon_core.package_identification:_identify(sam3/sam3/train/configs/silver_image_evals) by extension 'colcon_meta'
[0.137s] Level 1:colcon.colcon_core.package_identification:_identify(sam3/sam3/train/configs/silver_image_evals) by extensions ['ros']
[0.137s] Level 1:colcon.colcon_core.package_identification:_identify(sam3/sam3/train/configs/silver_image_evals) by extension 'ros'
[0.137s] Level 1:colcon.colcon_core.package_identification:_identify(sam3/sam3/train/configs/silver_image_evals) by extensions ['cmake', 'python']
[0.137s] Level 1:colcon.colcon_core.package_identification:_identify(sam3/sam3/train/configs/silver_image_evals) by extension 'cmake'
[0.137s] Level 1:colcon.colcon_core.package_identification:_identify(sam3/sam3/train/configs/silver_image_evals) by extension 'python'
[0.137s] Level 1:colcon.colcon_core.package_identification:_identify(sam3/sam3/train/configs/silver_image_evals) by extensions ['python_setup_py']
[0.137s] Level 1:colcon.colcon_core.package_identification:_identify(sam3/sam3/train/configs/silver_image_evals) by extension 'python_setup_py'
[0.137s] Level 1:colcon.colcon_core.package_identification:_identify(sam3/sam3/train/data) by extensions ['ignore', 'ignore_ament_install']
[0.137s] Level 1:colcon.colcon_core.package_identification:_identify(sam3/sam3/train/data) by extension 'ignore'
[0.137s] Level 1:colcon.colcon_core.package_identification:_identify(sam3/sam3/train/data) by extension 'ignore_ament_install'
[0.137s] Level 1:colcon.colcon_core.package_identification:_identify(sam3/sam3/train/data) by extensions ['colcon_pkg']
[0.137s] Level 1:colcon.colcon_core.package_identification:_identify(sam3/sam3/train/data) by extension 'colcon_pkg'
[0.137s] Level 1:colcon.colcon_core.package_identification:_identify(sam3/sam3/train/data) by extensions ['colcon_meta']
[0.137s] Level 1:colcon.colcon_core.package_identification:_identify(sam3/sam3/train/data) by extension 'colcon_meta'
[0.137s] Level 1:colcon.colcon_core.package_identification:_identify(sam3/sam3/train/data) by extensions ['ros']
[0.137s] Level 1:colcon.colcon_core.package_identification:_identify(sam3/sam3/train/data) by extension 'ros'
[0.137s] Level 1:colcon.colcon_core.package_identification:_identify(sam3/sam3/train/data) by extensions ['cmake', 'python']
[0.137s] Level 1:colcon.colcon_core.package_identification:_identify(sam3/sam3/train/data) by extension 'cmake'
[0.137s] Level 1:colcon.colcon_core.package_identification:_identify(sam3/sam3/train/data) by extension 'python'
[0.137s] Level 1:colcon.colcon_core.package_identification:_identify(sam3/sam3/train/data) by extensions ['python_setup_py']
[0.137s] Level 1:colcon.colcon_core.package_identification:_identify(sam3/sam3/train/data) by extension 'python_setup_py'
[0.137s] Level 1:colcon.colcon_core.package_identification:_identify(sam3/sam3/train/loss) by extensions ['ignore', 'ignore_ament_install']
[0.137s] Level 1:colcon.colcon_core.package_identification:_identify(sam3/sam3/train/loss) by extension 'ignore'
[0.137s] Level 1:colcon.colcon_core.package_identification:_identify(sam3/sam3/train/loss) by extension 'ignore_ament_install'
[0.138s] Level 1:colcon.colcon_core.package_identification:_identify(sam3/sam3/train/loss) by extensions ['colcon_pkg']
[0.138s] Level 1:colcon.colcon_core.package_identification:_identify(sam3/sam3/train/loss) by extension 'colcon_pkg'
[0.138s] Level 1:colcon.colcon_core.package_identification:_identify(sam3/sam3/train/loss) by extensions ['colcon_meta']
[0.138s] Level 1:colcon.colcon_core.package_identification:_identify(sam3/sam3/train/loss) by extension 'colcon_meta'
[0.138s] Level 1:colcon.colcon_core.package_identification:_identify(sam3/sam3/train/loss) by extensions ['ros']
[0.138s] Level 1:colcon.colcon_core.package_identification:_identify(sam3/sam3/train/loss) by extension 'ros'
[0.138s] Level 1:colcon.colcon_core.package_identification:_identify(sam3/sam3/train/loss) by extensions ['cmake', 'python']
[0.138s] Level 1:colcon.colcon_core.package_identification:_identify(sam3/sam3/train/loss) by extension 'cmake'
[0.138s] Level 1:colcon.colcon_core.package_identification:_identify(sam3/sam3/train/loss) by extension 'python'
[0.138s] Level 1:colcon.colcon_core.package_identification:_identify(sam3/sam3/train/loss) by extensions ['python_setup_py']
[0.138s] Level 1:colcon.colcon_core.package_identification:_identify(sam3/sam3/train/loss) by extension 'python_setup_py'
[0.138s] Level 1:colcon.colcon_core.package_identification:_identify(sam3/sam3/train/optim) by extensions ['ignore', 'ignore_ament_install']
[0.138s] Level 1:colcon.colcon_core.package_identification:_identify(sam3/sam3/train/optim) by extension 'ignore'
[0.138s] Level 1:colcon.colcon_core.package_identification:_identify(sam3/sam3/train/optim) by extension 'ignore_ament_install'
[0.138s] Level 1:colcon.colcon_core.package_identification:_identify(sam3/sam3/train/optim) by extensions ['colcon_pkg']
[0.138s] Level 1:colcon.colcon_core.package_identification:_identify(sam3/sam3/train/optim) by extension 'colcon_pkg'
[0.138s] Level 1:colcon.colcon_core.package_identification:_identify(sam3/sam3/train/optim) by extensions ['colcon_meta']
[0.138s] Level 1:colcon.colcon_core.package_identification:_identify(sam3/sam3/train/optim) by extension 'colcon_meta'
[0.138s] Level 1:colcon.colcon_core.package_identification:_identify(sam3/sam3/train/optim) by extensions ['ros']
[0.138s] Level 1:colcon.colcon_core.package_identification:_identify(sam3/sam3/train/optim) by extension 'ros'
[0.138s] Level 1:colcon.colcon_core.package_identification:_identify(sam3/sam3/train/optim) by extensions ['cmake', 'python']
[0.138s] Level 1:colcon.colcon_core.package_identification:_identify(sam3/sam3/train/optim) by extension 'cmake'
[0.138s] Level 1:colcon.colcon_core.package_identification:_identify(sam3/sam3/train/optim) by extension 'python'
[0.138s] Level 1:colcon.colcon_core.package_identification:_identify(sam3/sam3/train/optim) by extensions ['python_setup_py']
[0.138s] Level 1:colcon.colcon_core.package_identification:_identify(sam3/sam3/train/optim) by extension 'python_setup_py'
[0.138s] Level 1:colcon.colcon_core.package_identification:_identify(sam3/sam3/train/transforms) by extensions ['ignore', 'ignore_ament_install']
[0.138s] Level 1:colcon.colcon_core.package_identification:_identify(sam3/sam3/train/transforms) by extension 'ignore'
[0.138s] Level 1:colcon.colcon_core.package_identification:_identify(sam3/sam3/train/transforms) by extension 'ignore_ament_install'
[0.138s] Level 1:colcon.colcon_core.package_identification:_identify(sam3/sam3/train/transforms) by extensions ['colcon_pkg']
[0.138s] Level 1:colcon.colcon_core.package_identification:_identify(sam3/sam3/train/transforms) by extension 'colcon_pkg'
[0.138s] Level 1:colcon.colcon_core.package_identification:_identify(sam3/sam3/train/transforms) by extensions ['colcon_meta']
[0.138s] Level 1:colcon.colcon_core.package_identification:_identify(sam3/sam3/train/transforms) by extension 'colcon_meta'
[0.138s] Level 1:colcon.colcon_core.package_identification:_identify(sam3/sam3/train/transforms) by extensions ['ros']
[0.138s] Level 1:colcon.colcon_core.package_identification:_identify(sam3/sam3/train/transforms) by extension 'ros'
[0.138s] Level 1:colcon.colcon_core.package_identification:_identify(sam3/sam3/train/transforms) by extensions ['cmake', 'python']
[0.138s] Level 1:colcon.colcon_core.package_identification:_identify(sam3/sam3/train/transforms) by extension 'cmake'
[0.138s] Level 1:colcon.colcon_core.package_identification:_identify(sam3/sam3/train/transforms) by extension 'python'
[0.138s] Level 1:colcon.colcon_core.package_identification:_identify(sam3/sam3/train/transforms) by extensions ['python_setup_py']
[0.138s] Level 1:colcon.colcon_core.package_identification:_identify(sam3/sam3/train/transforms) by extension 'python_setup_py'
[0.138s] Level 1:colcon.colcon_core.package_identification:_identify(sam3/sam3/train/utils) by extensions ['ignore', 'ignore_ament_install']
[0.138s] Level 1:colcon.colcon_core.package_identification:_identify(sam3/sam3/train/utils) by extension 'ignore'
[0.138s] Level 1:colcon.colcon_core.package_identification:_identify(sam3/sam3/train/utils) by extension 'ignore_ament_install'
[0.138s] Level 1:colcon.colcon_core.package_identification:_identify(sam3/sam3/train/utils) by extensions ['colcon_pkg']
[0.138s] Level 1:colcon.colcon_core.package_identification:_identify(sam3/sam3/train/utils) by extension 'colcon_pkg'
[0.138s] Level 1:colcon.colcon_core.package_identification:_identify(sam3/sam3/train/utils) by extensions ['colcon_meta']
[0.138s] Level 1:colcon.colcon_core.package_identification:_identify(sam3/sam3/train/utils) by extension 'colcon_meta'
[0.138s] Level 1:colcon.colcon_core.package_identification:_identify(sam3/sam3/train/utils) by extensions ['ros']
[0.138s] Level 1:colcon.colcon_core.package_identification:_identify(sam3/sam3/train/utils) by extension 'ros'
[0.138s] Level 1:colcon.colcon_core.package_identification:_identify(sam3/sam3/train/utils) by extensions ['cmake', 'python']
[0.138s] Level 1:colcon.colcon_core.package_identification:_identify(sam3/sam3/train/utils) by extension 'cmake'
[0.138s] Level 1:colcon.colcon_core.package_identification:_identify(sam3/sam3/train/utils) by extension 'python'
[0.138s] Level 1:colcon.colcon_core.package_identification:_identify(sam3/sam3/train/utils) by extensions ['python_setup_py']
[0.138s] Level 1:colcon.colcon_core.package_identification:_identify(sam3/sam3/train/utils) by extension 'python_setup_py'
[0.138s] Level 1:colcon.colcon_core.package_identification:_identify(sam3/scripts) by extensions ['ignore', 'ignore_ament_install']
[0.138s] Level 1:colcon.colcon_core.package_identification:_identify(sam3/scripts) by extension 'ignore'
[0.138s] Level 1:colcon.colcon_core.package_identification:_identify(sam3/scripts) by extension 'ignore_ament_install'
[0.138s] Level 1:colcon.colcon_core.package_identification:_identify(sam3/scripts) by extensions ['colcon_pkg']
[0.138s] Level 1:colcon.colcon_core.package_identification:_identify(sam3/scripts) by extension 'colcon_pkg'
[0.138s] Level 1:colcon.colcon_core.package_identification:_identify(sam3/scripts) by extensions ['colcon_meta']
[0.138s] Level 1:colcon.colcon_core.package_identification:_identify(sam3/scripts) by extension 'colcon_meta'
[0.138s] Level 1:colcon.colcon_core.package_identification:_identify(sam3/scripts) by extensions ['ros']
[0.138s] Level 1:colcon.colcon_core.package_identification:_identify(sam3/scripts) by extension 'ros'
[0.138s] Level 1:colcon.colcon_core.package_identification:_identify(sam3/scripts) by extensions ['cmake', 'python']
[0.138s] Level 1:colcon.colcon_core.package_identification:_identify(sam3/scripts) by extension 'cmake'
[0.139s] Level 1:colcon.colcon_core.package_identification:_identify(sam3/scripts) by extension 'python'
[0.139s] Level 1:colcon.colcon_core.package_identification:_identify(sam3/scripts) by extensions ['python_setup_py']
[0.139s] Level 1:colcon.colcon_core.package_identification:_identify(sam3/scripts) by extension 'python_setup_py'
[0.139s] Level 1:colcon.colcon_core.package_identification:_identify(sam3/scripts/eval) by extensions ['ignore', 'ignore_ament_install']
[0.139s] Level 1:colcon.colcon_core.package_identification:_identify(sam3/scripts/eval) by extension 'ignore'
[0.139s] Level 1:colcon.colcon_core.package_identification:_identify(sam3/scripts/eval) by extension 'ignore_ament_install'
[0.139s] Level 1:colcon.colcon_core.package_identification:_identify(sam3/scripts/eval) by extensions ['colcon_pkg']
[0.139s] Level 1:colcon.colcon_core.package_identification:_identify(sam3/scripts/eval) by extension 'colcon_pkg'
[0.139s] Level 1:colcon.colcon_core.package_identification:_identify(sam3/scripts/eval) by extensions ['colcon_meta']
[0.139s] Level 1:colcon.colcon_core.package_identification:_identify(sam3/scripts/eval) by extension 'colcon_meta'
[0.139s] Level 1:colcon.colcon_core.package_identification:_identify(sam3/scripts/eval) by extensions ['ros']
[0.139s] Level 1:colcon.colcon_core.package_identification:_identify(sam3/scripts/eval) by extension 'ros'
[0.139s] Level 1:colcon.colcon_core.package_identification:_identify(sam3/scripts/eval) by extensions ['cmake', 'python']
[0.139s] Level 1:colcon.colcon_core.package_identification:_identify(sam3/scripts/eval) by extension 'cmake'
[0.139s] Level 1:colcon.colcon_core.package_identification:_identify(sam3/scripts/eval) by extension 'python'
[0.139s] Level 1:colcon.colcon_core.package_identification:_identify(sam3/scripts/eval) by extensions ['python_setup_py']
[0.139s] Level 1:colcon.colcon_core.package_identification:_identify(sam3/scripts/eval) by extension 'python_setup_py'
[0.139s] Level 1:colcon.colcon_core.package_identification:_identify(sam3/scripts/eval/gold) by extensions ['ignore', 'ignore_ament_install']
[0.139s] Level 1:colcon.colcon_core.package_identification:_identify(sam3/scripts/eval/gold) by extension 'ignore'
[0.139s] Level 1:colcon.colcon_core.package_identification:_identify(sam3/scripts/eval/gold) by extension 'ignore_ament_install'
[0.139s] Level 1:colcon.colcon_core.package_identification:_identify(sam3/scripts/eval/gold) by extensions ['colcon_pkg']
[0.139s] Level 1:colcon.colcon_core.package_identification:_identify(sam3/scripts/eval/gold) by extension 'colcon_pkg'
[0.139s] Level 1:colcon.colcon_core.package_identification:_identify(sam3/scripts/eval/gold) by extensions ['colcon_meta']
[0.139s] Level 1:colcon.colcon_core.package_identification:_identify(sam3/scripts/eval/gold) by extension 'colcon_meta'
[0.139s] Level 1:colcon.colcon_core.package_identification:_identify(sam3/scripts/eval/gold) by extensions ['ros']
[0.139s] Level 1:colcon.colcon_core.package_identification:_identify(sam3/scripts/eval/gold) by extension 'ros'
[0.139s] Level 1:colcon.colcon_core.package_identification:_identify(sam3/scripts/eval/gold) by extensions ['cmake', 'python']
[0.139s] Level 1:colcon.colcon_core.package_identification:_identify(sam3/scripts/eval/gold) by extension 'cmake'
[0.139s] Level 1:colcon.colcon_core.package_identification:_identify(sam3/scripts/eval/gold) by extension 'python'
[0.139s] Level 1:colcon.colcon_core.package_identification:_identify(sam3/scripts/eval/gold) by extensions ['python_setup_py']
[0.139s] Level 1:colcon.colcon_core.package_identification:_identify(sam3/scripts/eval/gold) by extension 'python_setup_py'
[0.139s] Level 1:colcon.colcon_core.package_identification:_identify(sam3/scripts/eval/silver) by extensions ['ignore', 'ignore_ament_install']
[0.139s] Level 1:colcon.colcon_core.package_identification:_identify(sam3/scripts/eval/silver) by extension 'ignore'
[0.139s] Level 1:colcon.colcon_core.package_identification:_identify(sam3/scripts/eval/silver) by extension 'ignore_ament_install'
[0.139s] Level 1:colcon.colcon_core.package_identification:_identify(sam3/scripts/eval/silver) by extensions ['colcon_pkg']
[0.139s] Level 1:colcon.colcon_core.package_identification:_identify(sam3/scripts/eval/silver) by extension 'colcon_pkg'
[0.139s] Level 1:colcon.colcon_core.package_identification:_identify(sam3/scripts/eval/silver) by extensions ['colcon_meta']
[0.139s] Level 1:colcon.colcon_core.package_identification:_identify(sam3/scripts/eval/silver) by extension 'colcon_meta'
[0.139s] Level 1:colcon.colcon_core.package_identification:_identify(sam3/scripts/eval/silver) by extensions ['ros']
[0.139s] Level 1:colcon.colcon_core.package_identification:_identify(sam3/scripts/eval/silver) by extension 'ros'
[0.139s] Level 1:colcon.colcon_core.package_identification:_identify(sam3/scripts/eval/silver) by extensions ['cmake', 'python']
[0.139s] Level 1:colcon.colcon_core.package_identification:_identify(sam3/scripts/eval/silver) by extension 'cmake'
[0.139s] Level 1:colcon.colcon_core.package_identification:_identify(sam3/scripts/eval/silver) by extension 'python'
[0.139s] Level 1:colcon.colcon_core.package_identification:_identify(sam3/scripts/eval/silver) by extensions ['python_setup_py']
[0.139s] Level 1:colcon.colcon_core.package_identification:_identify(sam3/scripts/eval/silver) by extension 'python_setup_py'
[0.139s] Level 1:colcon.colcon_core.package_identification:_identify(sam3/scripts/eval/veval) by extensions ['ignore', 'ignore_ament_install']
[0.139s] Level 1:colcon.colcon_core.package_identification:_identify(sam3/scripts/eval/veval) by extension 'ignore'
[0.139s] Level 1:colcon.colcon_core.package_identification:_identify(sam3/scripts/eval/veval) by extension 'ignore_ament_install'
[0.139s] Level 1:colcon.colcon_core.package_identification:_identify(sam3/scripts/eval/veval) by extensions ['colcon_pkg']
[0.139s] Level 1:colcon.colcon_core.package_identification:_identify(sam3/scripts/eval/veval) by extension 'colcon_pkg'
[0.139s] Level 1:colcon.colcon_core.package_identification:_identify(sam3/scripts/eval/veval) by extensions ['colcon_meta']
[0.139s] Level 1:colcon.colcon_core.package_identification:_identify(sam3/scripts/eval/veval) by extension 'colcon_meta'
[0.139s] Level 1:colcon.colcon_core.package_identification:_identify(sam3/scripts/eval/veval) by extensions ['ros']
[0.139s] Level 1:colcon.colcon_core.package_identification:_identify(sam3/scripts/eval/veval) by extension 'ros'
[0.139s] Level 1:colcon.colcon_core.package_identification:_identify(sam3/scripts/eval/veval) by extensions ['cmake', 'python']
[0.139s] Level 1:colcon.colcon_core.package_identification:_identify(sam3/scripts/eval/veval) by extension 'cmake'
[0.139s] Level 1:colcon.colcon_core.package_identification:_identify(sam3/scripts/eval/veval) by extension 'python'
[0.139s] Level 1:colcon.colcon_core.package_identification:_identify(sam3/scripts/eval/veval) by extensions ['python_setup_py']
[0.139s] Level 1:colcon.colcon_core.package_identification:_identify(sam3/scripts/eval/veval) by extension 'python_setup_py'
[0.139s] Level 1:colcon.colcon_core.package_identification:_identify(src) by extensions ['ignore', 'ignore_ament_install']
[0.139s] Level 1:colcon.colcon_core.package_identification:_identify(src) by extension 'ignore'
[0.139s] Level 1:colcon.colcon_core.package_identification:_identify(src) by extension 'ignore_ament_install'
[0.139s] Level 1:colcon.colcon_core.package_identification:_identify(src) by extensions ['colcon_pkg']
[0.139s] Level 1:colcon.colcon_core.package_identification:_identify(src) by extension 'colcon_pkg'
[0.140s] Level 1:colcon.colcon_core.package_identification:_identify(src) by extensions ['colcon_meta']
[0.140s] Level 1:colcon.colcon_core.package_identification:_identify(src) by extension 'colcon_meta'
[0.140s] Level 1:colcon.colcon_core.package_identification:_identify(src) by extensions ['ros']
[0.140s] Level 1:colcon.colcon_core.package_identification:_identify(src) by extension 'ros'
[0.140s] Level 1:colcon.colcon_core.package_identification:_identify(src) by extensions ['cmake', 'python']
[0.140s] Level 1:colcon.colcon_core.package_identification:_identify(src) by extension 'cmake'
[0.140s] Level 1:colcon.colcon_core.package_identification:_identify(src) by extension 'python'
[0.140s] Level 1:colcon.colcon_core.package_identification:_identify(src) by extensions ['python_setup_py']
[0.140s] Level 1:colcon.colcon_core.package_identification:_identify(src) by extension 'python_setup_py'
[0.140s] Level 1:colcon.colcon_core.package_identification:_identify(src/phy_interface) by extensions ['ignore', 'ignore_ament_install']
[0.140s] Level 1:colcon.colcon_core.package_identification:_identify(src/phy_interface) by extension 'ignore'
[0.140s] Level 1:colcon.colcon_core.package_identification:_identify(src/phy_interface) by extension 'ignore_ament_install'
[0.140s] Level 1:colcon.colcon_core.package_identification:_identify(src/phy_interface) by extensions ['colcon_pkg']
[0.140s] Level 1:colcon.colcon_core.package_identification:_identify(src/phy_interface) by extension 'colcon_pkg'
[0.140s] Level 1:colcon.colcon_core.package_identification:_identify(src/phy_interface) by extensions ['colcon_meta']
[0.140s] Level 1:colcon.colcon_core.package_identification:_identify(src/phy_interface) by extension 'colcon_meta'
[0.140s] Level 1:colcon.colcon_core.package_identification:_identify(src/phy_interface) by extensions ['ros']
[0.140s] Level 1:colcon.colcon_core.package_identification:_identify(src/phy_interface) by extension 'ros'
[0.140s] DEBUG:colcon.colcon_core.package_identification:Package 'src/phy_interface' with type 'ros.ament_cmake' and name 'phy_interface'
[0.140s] Level 1:colcon.colcon_core.package_identification:_identify(src/pick_place_interfaces) by extensions ['ignore', 'ignore_ament_install']
[0.140s] Level 1:colcon.colcon_core.package_identification:_identify(src/pick_place_interfaces) by extension 'ignore'
[0.140s] Level 1:colcon.colcon_core.package_identification:_identify(src/pick_place_interfaces) by extension 'ignore_ament_install'
[0.140s] Level 1:colcon.colcon_core.package_identification:_identify(src/pick_place_interfaces) by extensions ['colcon_pkg']
[0.140s] Level 1:colcon.colcon_core.package_identification:_identify(src/pick_place_interfaces) by extension 'colcon_pkg'
[0.140s] Level 1:colcon.colcon_core.package_identification:_identify(src/pick_place_interfaces) by extensions ['colcon_meta']
[0.140s] Level 1:colcon.colcon_core.package_identification:_identify(src/pick_place_interfaces) by extension 'colcon_meta'
[0.140s] Level 1:colcon.colcon_core.package_identification:_identify(src/pick_place_interfaces) by extensions ['ros']
[0.140s] Level 1:colcon.colcon_core.package_identification:_identify(src/pick_place_interfaces) by extension 'ros'
[0.140s] DEBUG:colcon.colcon_core.package_identification:Package 'src/pick_place_interfaces' with type 'ros.ament_cmake' and name 'pick_place_interfaces'
[0.140s] Level 1:colcon.colcon_core.package_identification:_identify(src/pick_place_orchestration) by extensions ['ignore', 'ignore_ament_install']
[0.141s] Level 1:colcon.colcon_core.package_identification:_identify(src/pick_place_orchestration) by extension 'ignore'
[0.141s] Level 1:colcon.colcon_core.package_identification:_identify(src/pick_place_orchestration) by extension 'ignore_ament_install'
[0.141s] Level 1:colcon.colcon_core.package_identification:_identify(src/pick_place_orchestration) by extensions ['colcon_pkg']
[0.141s] Level 1:colcon.colcon_core.package_identification:_identify(src/pick_place_orchestration) by extension 'colcon_pkg'
[0.141s] Level 1:colcon.colcon_core.package_identification:_identify(src/pick_place_orchestration) by extensions ['colcon_meta']
[0.141s] Level 1:colcon.colcon_core.package_identification:_identify(src/pick_place_orchestration) by extension 'colcon_meta'
[0.141s] Level 1:colcon.colcon_core.package_identification:_identify(src/pick_place_orchestration) by extensions ['ros']
[0.141s] Level 1:colcon.colcon_core.package_identification:_identify(src/pick_place_orchestration) by extension 'ros'
[0.141s] DEBUG:colcon.colcon_core.package_identification:Package 'src/pick_place_orchestration' with type 'ros.ament_python' and name 'pick_place_orchestration'
[0.141s] Level 1:colcon.colcon_core.package_discovery:discover_packages(recursive) using defaults
[0.141s] Level 1:colcon.colcon_core.package_discovery:discover_packages(ignore) discover
[0.141s] Level 1:colcon.colcon_core.package_discovery:discover_packages(ignore) using defaults
[0.141s] Level 1:colcon.colcon_core.package_discovery:discover_packages(path) discover
[0.141s] Level 1:colcon.colcon_core.package_discovery:discover_packages(path) using defaults
[0.150s] INFO:colcon.colcon_core.package_selection:Skipping not selected package 'librealsense2' in 'librealsense'
[0.150s] INFO:colcon.colcon_core.package_selection:Skipping not selected package 'phy_interface' in 'src/phy_interface'
[0.150s] Level 1:colcon.colcon_core.package_discovery:discover_packages(prefix_path) check parameters
[0.150s] Level 1:colcon.colcon_core.package_discovery:discover_packages(prefix_path) discover
[0.151s] DEBUG:colcon.colcon_installed_package_information.package_discovery:Found 22 installed packages in /home/robot/ros2_ws/install
[0.152s] DEBUG:colcon.colcon_installed_package_information.package_discovery:Found 407 installed packages in /opt/ros/humble
[0.153s] Level 1:colcon.colcon_core.package_discovery:discover_packages(prefix_path) using defaults
[0.171s] Level 5:colcon.colcon_core.verb:set package 'pick_place_interfaces' build argument 'cmake_args' from command line to 'None'
[0.171s] Level 5:colcon.colcon_core.verb:set package 'pick_place_interfaces' build argument 'cmake_target' from command line to 'None'
[0.171s] Level 5:colcon.colcon_core.verb:set package 'pick_place_interfaces' build argument 'cmake_target_skip_unavailable' from command line to 'False'
[0.171s] Level 5:colcon.colcon_core.verb:set package 'pick_place_interfaces' build argument 'cmake_clean_cache' from command line to 'False'
[0.171s] Level 5:colcon.colcon_core.verb:set package 'pick_place_interfaces' build argument 'cmake_clean_first' from command line to 'False'
[0.171s] Level 5:colcon.colcon_core.verb:set package 'pick_place_interfaces' build argument 'cmake_force_configure' from command line to 'False'
[0.171s] Level 5:colcon.colcon_core.verb:set package 'pick_place_interfaces' build argument 'ament_cmake_args' from command line to 'None'
[0.171s] Level 5:colcon.colcon_core.verb:set package 'pick_place_interfaces' build argument 'catkin_cmake_args' from command line to 'None'
[0.171s] Level 5:colcon.colcon_core.verb:set package 'pick_place_interfaces' build argument 'catkin_skip_building_tests' from command line to 'False'
[0.171s] DEBUG:colcon.colcon_core.verb:Building package 'pick_place_interfaces' with the following arguments: {'ament_cmake_args': None, 'build_base': '/home/robot/jm_ws/build/pick_place_interfaces', 'catkin_cmake_args': None, 'catkin_skip_building_tests': False, 'cmake_args': None, 'cmake_clean_cache': False, 'cmake_clean_first': False, 'cmake_force_configure': False, 'cmake_target': None, 'cmake_target_skip_unavailable': False, 'install_base': '/home/robot/jm_ws/install/pick_place_interfaces', 'merge_install': False, 'path': '/home/robot/jm_ws/src/pick_place_interfaces', 'symlink_install': False, 'test_result_base': None}
[0.172s] Level 5:colcon.colcon_core.verb:set package 'pick_place_orchestration' build argument 'cmake_args' from command line to 'None'
[0.172s] Level 5:colcon.colcon_core.verb:set package 'pick_place_orchestration' build argument 'cmake_target' from command line to 'None'
[0.172s] Level 5:colcon.colcon_core.verb:set package 'pick_place_orchestration' build argument 'cmake_target_skip_unavailable' from command line to 'False'
[0.172s] Level 5:colcon.colcon_core.verb:set package 'pick_place_orchestration' build argument 'cmake_clean_cache' from command line to 'False'
[0.172s] Level 5:colcon.colcon_core.verb:set package 'pick_place_orchestration' build argument 'cmake_clean_first' from command line to 'False'
[0.172s] Level 5:colcon.colcon_core.verb:set package 'pick_place_orchestration' build argument 'cmake_force_configure' from command line to 'False'
[0.172s] Level 5:colcon.colcon_core.verb:set package 'pick_place_orchestration' build argument 'ament_cmake_args' from command line to 'None'
[0.172s] Level 5:colcon.colcon_core.verb:set package 'pick_place_orchestration' build argument 'catkin_cmake_args' from command line to 'None'
[0.172s] Level 5:colcon.colcon_core.verb:set package 'pick_place_orchestration' build argument 'catkin_skip_building_tests' from command line to 'False'
[0.172s] DEBUG:colcon.colcon_core.verb:Building package 'pick_place_orchestration' with the following arguments: {'ament_cmake_args': None, 'build_base': '/home/robot/jm_ws/build/pick_place_orchestration', 'catkin_cmake_args': None, 'catkin_skip_building_tests': False, 'cmake_args': None, 'cmake_clean_cache': False, 'cmake_clean_first': False, 'cmake_force_configure': False, 'cmake_target': None, 'cmake_target_skip_unavailable': False, 'install_base': '/home/robot/jm_ws/install/pick_place_orchestration', 'merge_install': False, 'path': '/home/robot/jm_ws/src/pick_place_orchestration', 'symlink_install': False, 'test_result_base': None}
[0.172s] INFO:colcon.colcon_core.executor:Executing jobs using 'parallel' executor
[0.172s] DEBUG:colcon.colcon_parallel_executor.executor.parallel:run_until_complete
[0.172s] INFO:colcon.colcon_ros.task.ament_cmake.build:Building ROS package in '/home/robot/jm_ws/src/pick_place_interfaces' with build type 'ament_cmake'
[0.172s] INFO:colcon.colcon_cmake.task.cmake.build:Building CMake package in '/home/robot/jm_ws/src/pick_place_interfaces'
[0.173s] INFO:colcon.colcon_core.plugin_system:Skipping extension 'colcon_core.shell.bat': Not used on non-Windows systems
[0.173s] INFO:colcon.colcon_core.shell:Skip shell extension 'powershell' for command environment: Not usable outside of PowerShell
[0.173s] DEBUG:colcon.colcon_core.shell:Skip shell extension 'dsv' for command environment
[0.179s] DEBUG:colcon.colcon_core.event_handler.log_command:Invoking command in '/home/robot/jm_ws/build/pick_place_interfaces': CMAKE_PREFIX_PATH=${CMAKE_PREFIX_PATH}:/home/robot/ros2_ws/install/dsr_visualservoing:/home/robot/ros2_ws/install/dsr_tests:/home/robot/ros2_ws/install/dsr_bringup2:/home/robot/ros2_ws/install/dsr_example:/opt/ros/humble /usr/bin/cmake /home/robot/jm_ws/src/pick_place_interfaces -DCMAKE_INSTALL_PREFIX=/home/robot/jm_ws/install/pick_place_interfaces
[0.989s] DEBUG:colcon.colcon_core.event_handler.log_command:Invoked command in '/home/robot/jm_ws/build/pick_place_interfaces' returned '0': CMAKE_PREFIX_PATH=${CMAKE_PREFIX_PATH}:/home/robot/ros2_ws/install/dsr_visualservoing:/home/robot/ros2_ws/install/dsr_tests:/home/robot/ros2_ws/install/dsr_bringup2:/home/robot/ros2_ws/install/dsr_example:/opt/ros/humble /usr/bin/cmake /home/robot/jm_ws/src/pick_place_interfaces -DCMAKE_INSTALL_PREFIX=/home/robot/jm_ws/install/pick_place_interfaces
[0.990s] DEBUG:colcon.colcon_core.event_handler.log_command:Invoking command in '/home/robot/jm_ws/build/pick_place_interfaces': CMAKE_PREFIX_PATH=${CMAKE_PREFIX_PATH}:/home/robot/ros2_ws/install/dsr_visualservoing:/home/robot/ros2_ws/install/dsr_tests:/home/robot/ros2_ws/install/dsr_bringup2:/home/robot/ros2_ws/install/dsr_example:/opt/ros/humble /usr/bin/cmake --build /home/robot/jm_ws/build/pick_place_interfaces -- -j24 -l24
[2.322s] DEBUG:colcon.colcon_core.event_handler.log_command:Invoked command in '/home/robot/jm_ws/build/pick_place_interfaces' returned '0': CMAKE_PREFIX_PATH=${CMAKE_PREFIX_PATH}:/home/robot/ros2_ws/install/dsr_visualservoing:/home/robot/ros2_ws/install/dsr_tests:/home/robot/ros2_ws/install/dsr_bringup2:/home/robot/ros2_ws/install/dsr_example:/opt/ros/humble /usr/bin/cmake --build /home/robot/jm_ws/build/pick_place_interfaces -- -j24 -l24
[2.328s] DEBUG:colcon.colcon_core.event_handler.log_command:Invoking command in '/home/robot/jm_ws/build/pick_place_interfaces': CMAKE_PREFIX_PATH=${CMAKE_PREFIX_PATH}:/home/robot/ros2_ws/install/dsr_visualservoing:/home/robot/ros2_ws/install/dsr_tests:/home/robot/ros2_ws/install/dsr_bringup2:/home/robot/ros2_ws/install/dsr_example:/opt/ros/humble /usr/bin/cmake --install /home/robot/jm_ws/build/pick_place_interfaces
[2.364s] Level 1:colcon.colcon_core.environment:create_environment_scripts_only(pick_place_interfaces)
[2.364s] DEBUG:colcon.colcon_core.event_handler.log_command:Invoked command in '/home/robot/jm_ws/build/pick_place_interfaces' returned '0': CMAKE_PREFIX_PATH=${CMAKE_PREFIX_PATH}:/home/robot/ros2_ws/install/dsr_visualservoing:/home/robot/ros2_ws/install/dsr_tests:/home/robot/ros2_ws/install/dsr_bringup2:/home/robot/ros2_ws/install/dsr_example:/opt/ros/humble /usr/bin/cmake --install /home/robot/jm_ws/build/pick_place_interfaces
[2.365s] Level 1:colcon.colcon_core.environment:checking '/home/robot/jm_ws/install/pick_place_interfaces' for CMake module files
[2.365s] Level 1:colcon.colcon_core.environment:checking '/home/robot/jm_ws/install/pick_place_interfaces' for CMake config files
[2.365s] Level 1:colcon.colcon_core.shell:create_environment_hook('pick_place_interfaces', 'cmake_prefix_path')
[2.366s] INFO:colcon.colcon_core.shell:Creating environment hook '/home/robot/jm_ws/install/pick_place_interfaces/share/pick_place_interfaces/hook/cmake_prefix_path.ps1'
[2.366s] INFO:colcon.colcon_core.shell:Creating environment descriptor '/home/robot/jm_ws/install/pick_place_interfaces/share/pick_place_interfaces/hook/cmake_prefix_path.dsv'
[2.366s] INFO:colcon.colcon_core.shell:Creating environment hook '/home/robot/jm_ws/install/pick_place_interfaces/share/pick_place_interfaces/hook/cmake_prefix_path.sh'
[2.366s] Level 1:colcon.colcon_core.environment:checking '/home/robot/jm_ws/install/pick_place_interfaces/lib'
[2.366s] Level 1:colcon.colcon_core.shell:create_environment_hook('pick_place_interfaces', 'ld_library_path_lib')
[2.367s] INFO:colcon.colcon_core.shell:Creating environment hook '/home/robot/jm_ws/install/pick_place_interfaces/share/pick_place_interfaces/hook/ld_library_path_lib.ps1'
[2.367s] INFO:colcon.colcon_core.shell:Creating environment descriptor '/home/robot/jm_ws/install/pick_place_interfaces/share/pick_place_interfaces/hook/ld_library_path_lib.dsv'
[2.367s] INFO:colcon.colcon_core.shell:Creating environment hook '/home/robot/jm_ws/install/pick_place_interfaces/share/pick_place_interfaces/hook/ld_library_path_lib.sh'
[2.367s] Level 1:colcon.colcon_core.environment:checking '/home/robot/jm_ws/install/pick_place_interfaces/bin'
[2.367s] Level 1:colcon.colcon_core.environment:checking '/home/robot/jm_ws/install/pick_place_interfaces/lib/pkgconfig/pick_place_interfaces.pc'
[2.367s] Level 1:colcon.colcon_core.environment:checking '/home/robot/jm_ws/install/pick_place_interfaces/lib/python3.10/site-packages'
[2.367s] Level 1:colcon.colcon_core.environment:checking '/home/robot/jm_ws/install/pick_place_interfaces/bin'
[2.367s] INFO:colcon.colcon_core.shell:Creating package script '/home/robot/jm_ws/install/pick_place_interfaces/share/pick_place_interfaces/package.ps1'
[2.369s] INFO:colcon.colcon_core.shell:Creating package descriptor '/home/robot/jm_ws/install/pick_place_interfaces/share/pick_place_interfaces/package.dsv'
[2.369s] INFO:colcon.colcon_core.shell:Creating package script '/home/robot/jm_ws/install/pick_place_interfaces/share/pick_place_interfaces/package.sh'
[2.370s] INFO:colcon.colcon_core.shell:Creating package script '/home/robot/jm_ws/install/pick_place_interfaces/share/pick_place_interfaces/package.bash'
[2.370s] INFO:colcon.colcon_core.shell:Creating package script '/home/robot/jm_ws/install/pick_place_interfaces/share/pick_place_interfaces/package.zsh'
[2.370s] Level 1:colcon.colcon_core.environment:create_file_with_runtime_dependencies(/home/robot/jm_ws/install/pick_place_interfaces/share/colcon-core/packages/pick_place_interfaces)
[2.370s] Level 1:colcon.colcon_core.environment:create_environment_scripts_only(pick_place_interfaces)
[2.370s] Level 1:colcon.colcon_core.environment:checking '/home/robot/jm_ws/install/pick_place_interfaces' for CMake module files
[2.371s] Level 1:colcon.colcon_core.environment:checking '/home/robot/jm_ws/install/pick_place_interfaces' for CMake config files
[2.371s] Level 1:colcon.colcon_core.shell:create_environment_hook('pick_place_interfaces', 'cmake_prefix_path')
[2.371s] INFO:colcon.colcon_core.shell:Creating environment hook '/home/robot/jm_ws/install/pick_place_interfaces/share/pick_place_interfaces/hook/cmake_prefix_path.ps1'
[2.371s] INFO:colcon.colcon_core.shell:Creating environment descriptor '/home/robot/jm_ws/install/pick_place_interfaces/share/pick_place_interfaces/hook/cmake_prefix_path.dsv'
[2.371s] INFO:colcon.colcon_core.shell:Creating environment hook '/home/robot/jm_ws/install/pick_place_interfaces/share/pick_place_interfaces/hook/cmake_prefix_path.sh'
[2.371s] Level 1:colcon.colcon_core.environment:checking '/home/robot/jm_ws/install/pick_place_interfaces/lib'
[2.371s] Level 1:colcon.colcon_core.shell:create_environment_hook('pick_place_interfaces', 'ld_library_path_lib')
[2.371s] INFO:colcon.colcon_core.shell:Creating environment hook '/home/robot/jm_ws/install/pick_place_interfaces/share/pick_place_interfaces/hook/ld_library_path_lib.ps1'
[2.372s] INFO:colcon.colcon_core.shell:Creating environment descriptor '/home/robot/jm_ws/install/pick_place_interfaces/share/pick_place_interfaces/hook/ld_library_path_lib.dsv'
[2.372s] INFO:colcon.colcon_core.shell:Creating environment hook '/home/robot/jm_ws/install/pick_place_interfaces/share/pick_place_interfaces/hook/ld_library_path_lib.sh'
[2.372s] Level 1:colcon.colcon_core.environment:checking '/home/robot/jm_ws/install/pick_place_interfaces/bin'
[2.372s] Level 1:colcon.colcon_core.environment:checking '/home/robot/jm_ws/install/pick_place_interfaces/lib/pkgconfig/pick_place_interfaces.pc'
[2.372s] Level 1:colcon.colcon_core.environment:checking '/home/robot/jm_ws/install/pick_place_interfaces/lib/python3.10/site-packages'
[2.372s] Level 1:colcon.colcon_core.environment:checking '/home/robot/jm_ws/install/pick_place_interfaces/bin'
[2.372s] INFO:colcon.colcon_core.shell:Creating package script '/home/robot/jm_ws/install/pick_place_interfaces/share/pick_place_interfaces/package.ps1'
[2.372s] INFO:colcon.colcon_core.shell:Creating package descriptor '/home/robot/jm_ws/install/pick_place_interfaces/share/pick_place_interfaces/package.dsv'
[2.372s] INFO:colcon.colcon_core.shell:Creating package script '/home/robot/jm_ws/install/pick_place_interfaces/share/pick_place_interfaces/package.sh'
[2.373s] INFO:colcon.colcon_core.shell:Creating package script '/home/robot/jm_ws/install/pick_place_interfaces/share/pick_place_interfaces/package.bash'
[2.373s] INFO:colcon.colcon_core.shell:Creating package script '/home/robot/jm_ws/install/pick_place_interfaces/share/pick_place_interfaces/package.zsh'
[2.373s] Level 1:colcon.colcon_core.environment:create_file_with_runtime_dependencies(/home/robot/jm_ws/install/pick_place_interfaces/share/colcon-core/packages/pick_place_interfaces)
[2.373s] INFO:colcon.colcon_ros.task.ament_python.build:Building ROS package in '/home/robot/jm_ws/src/pick_place_orchestration' with build type 'ament_python'
[2.373s] Level 1:colcon.colcon_core.shell:create_environment_hook('pick_place_orchestration', 'ament_prefix_path')
[2.373s] INFO:colcon.colcon_core.shell:Creating environment hook '/home/robot/jm_ws/install/pick_place_orchestration/share/pick_place_orchestration/hook/ament_prefix_path.ps1'
[2.373s] INFO:colcon.colcon_core.shell:Creating environment descriptor '/home/robot/jm_ws/install/pick_place_orchestration/share/pick_place_orchestration/hook/ament_prefix_path.dsv'
[2.374s] INFO:colcon.colcon_core.shell:Creating environment hook '/home/robot/jm_ws/install/pick_place_orchestration/share/pick_place_orchestration/hook/ament_prefix_path.sh'
[2.374s] INFO:colcon.colcon_core.shell:Skip shell extension 'powershell' for command environment: Not usable outside of PowerShell
[2.374s] DEBUG:colcon.colcon_core.shell:Skip shell extension 'dsv' for command environment
[2.494s] INFO:colcon.colcon_core.task.python.build:Building Python package in '/home/robot/jm_ws/src/pick_place_orchestration'
[2.494s] INFO:colcon.colcon_core.shell:Skip shell extension 'powershell' for command environment: Not usable outside of PowerShell
[2.494s] DEBUG:colcon.colcon_core.shell:Skip shell extension 'dsv' for command environment
[2.660s] DEBUG:colcon.colcon_core.event_handler.log_command:Invoking command in '/home/robot/jm_ws/src/pick_place_orchestration': AMENT_PREFIX_PATH=/home/robot/jm_ws/install/pick_place_interfaces:${AMENT_PREFIX_PATH} CMAKE_PREFIX_PATH=/home/robot/jm_ws/install/pick_place_interfaces:${CMAKE_PREFIX_PATH} LD_LIBRARY_PATH=/home/robot/jm_ws/install/pick_place_interfaces/lib:${LD_LIBRARY_PATH} PYTHONPATH=/home/robot/jm_ws/build/pick_place_orchestration/prefix_override:/usr/lib/python3/dist-packages/colcon_core/task/python/colcon_distutils_commands:/home/robot/jm_ws/install/pick_place_orchestration/lib/python3.10/site-packages:/home/robot/jm_ws/install/pick_place_interfaces/local/lib/python3.10/dist-packages:${PYTHONPATH} /usr/bin/python3 -W ignore:setup.py install is deprecated -W ignore:easy_install command is deprecated setup.py egg_info --egg-base ../../build/pick_place_orchestration build --build-base /home/robot/jm_ws/build/pick_place_orchestration/build install --record /home/robot/jm_ws/build/pick_place_orchestration/install.log --single-version-externally-managed install_data
[2.787s] Level 1:colcon.colcon_core.environment:checking '/home/robot/jm_ws/install/pick_place_orchestration' for CMake module files
[2.788s] DEBUG:colcon.colcon_core.event_handler.log_command:Invoked command in '/home/robot/jm_ws/src/pick_place_orchestration' returned '0': AMENT_PREFIX_PATH=/home/robot/jm_ws/install/pick_place_interfaces:${AMENT_PREFIX_PATH} CMAKE_PREFIX_PATH=/home/robot/jm_ws/install/pick_place_interfaces:${CMAKE_PREFIX_PATH} LD_LIBRARY_PATH=/home/robot/jm_ws/install/pick_place_interfaces/lib:${LD_LIBRARY_PATH} PYTHONPATH=/home/robot/jm_ws/build/pick_place_orchestration/prefix_override:/usr/lib/python3/dist-packages/colcon_core/task/python/colcon_distutils_commands:/home/robot/jm_ws/install/pick_place_orchestration/lib/python3.10/site-packages:/home/robot/jm_ws/install/pick_place_interfaces/local/lib/python3.10/dist-packages:${PYTHONPATH} /usr/bin/python3 -W ignore:setup.py install is deprecated -W ignore:easy_install command is deprecated setup.py egg_info --egg-base ../../build/pick_place_orchestration build --build-base /home/robot/jm_ws/build/pick_place_orchestration/build install --record /home/robot/jm_ws/build/pick_place_orchestration/install.log --single-version-externally-managed install_data
[2.788s] Level 1:colcon.colcon_core.environment:checking '/home/robot/jm_ws/install/pick_place_orchestration' for CMake config files
[2.788s] Level 1:colcon.colcon_core.environment:checking '/home/robot/jm_ws/install/pick_place_orchestration/lib'
[2.788s] Level 1:colcon.colcon_core.environment:checking '/home/robot/jm_ws/install/pick_place_orchestration/bin'
[2.788s] Level 1:colcon.colcon_core.environment:checking '/home/robot/jm_ws/install/pick_place_orchestration/lib/pkgconfig/pick_place_orchestration.pc'
[2.788s] Level 1:colcon.colcon_core.environment:checking '/home/robot/jm_ws/install/pick_place_orchestration/lib/python3.10/site-packages'
[2.788s] Level 1:colcon.colcon_core.shell:create_environment_hook('pick_place_orchestration', 'pythonpath')
[2.788s] INFO:colcon.colcon_core.shell:Creating environment hook '/home/robot/jm_ws/install/pick_place_orchestration/share/pick_place_orchestration/hook/pythonpath.ps1'
[2.788s] INFO:colcon.colcon_core.shell:Creating environment descriptor '/home/robot/jm_ws/install/pick_place_orchestration/share/pick_place_orchestration/hook/pythonpath.dsv'
[2.788s] INFO:colcon.colcon_core.shell:Creating environment hook '/home/robot/jm_ws/install/pick_place_orchestration/share/pick_place_orchestration/hook/pythonpath.sh'
[2.789s] Level 1:colcon.colcon_core.environment:checking '/home/robot/jm_ws/install/pick_place_orchestration/bin'
[2.789s] Level 1:colcon.colcon_core.environment:create_environment_scripts_only(pick_place_orchestration)
[2.789s] INFO:colcon.colcon_core.shell:Creating package script '/home/robot/jm_ws/install/pick_place_orchestration/share/pick_place_orchestration/package.ps1'
[2.789s] INFO:colcon.colcon_core.shell:Creating package descriptor '/home/robot/jm_ws/install/pick_place_orchestration/share/pick_place_orchestration/package.dsv'
[2.789s] INFO:colcon.colcon_core.shell:Creating package script '/home/robot/jm_ws/install/pick_place_orchestration/share/pick_place_orchestration/package.sh'
[2.789s] INFO:colcon.colcon_core.shell:Creating package script '/home/robot/jm_ws/install/pick_place_orchestration/share/pick_place_orchestration/package.bash'
[2.789s] INFO:colcon.colcon_core.shell:Creating package script '/home/robot/jm_ws/install/pick_place_orchestration/share/pick_place_orchestration/package.zsh'
[2.790s] Level 1:colcon.colcon_core.environment:create_file_with_runtime_dependencies(/home/robot/jm_ws/install/pick_place_orchestration/share/colcon-core/packages/pick_place_orchestration)
[2.790s] DEBUG:colcon.colcon_parallel_executor.executor.parallel:closing loop
[2.790s] DEBUG:colcon.colcon_parallel_executor.executor.parallel:loop closed
[2.790s] DEBUG:colcon.colcon_parallel_executor.executor.parallel:run_until_complete finished with '0'
[2.790s] DEBUG:colcon.colcon_core.event_reactor:joining thread
[2.792s] INFO:colcon.colcon_core.plugin_system:Skipping extension 'colcon_notification.desktop_notification.terminal_notifier': Not used on non-Darwin systems
[2.792s] INFO:colcon.colcon_core.plugin_system:Skipping extension 'colcon_notification.desktop_notification.win32': Not used on non-Windows systems
[2.792s] INFO:colcon.colcon_notification.desktop_notification:Sending desktop notification using 'notify2'
[2.802s] DEBUG:colcon.colcon_core.event_reactor:joined thread
[2.802s] INFO:colcon.colcon_core.shell:Creating prefix script '/home/robot/jm_ws/install/local_setup.ps1'
[2.802s] INFO:colcon.colcon_core.shell:Creating prefix util module '/home/robot/jm_ws/install/_local_setup_util_ps1.py'
[2.803s] INFO:colcon.colcon_core.shell:Creating prefix chain script '/home/robot/jm_ws/install/setup.ps1'
[2.808s] INFO:colcon.colcon_core.shell:Creating prefix script '/home/robot/jm_ws/install/local_setup.sh'
[2.808s] INFO:colcon.colcon_core.shell:Creating prefix util module '/home/robot/jm_ws/install/_local_setup_util_sh.py'
[2.809s] INFO:colcon.colcon_core.shell:Creating prefix chain script '/home/robot/jm_ws/install/setup.sh'
[2.809s] INFO:colcon.colcon_core.shell:Creating prefix script '/home/robot/jm_ws/install/local_setup.bash'
[2.809s] INFO:colcon.colcon_core.shell:Creating prefix chain script '/home/robot/jm_ws/install/setup.bash'
[2.810s] INFO:colcon.colcon_core.shell:Creating prefix script '/home/robot/jm_ws/install/local_setup.zsh'
[2.810s] INFO:colcon.colcon_core.shell:Creating prefix chain script '/home/robot/jm_ws/install/setup.zsh'
